{"stats":{"minecraft:mined":{"trashcans:item_trash_can":1,"minecraft:mossy_cobblestone":1,"ftbstructures:red_barrel":1,"krate:krate_basic":2,"tconstruct:earth_slime_tall_grass":2,"minecraft:red_sand":4,"minecraft:acacia_log":10,"minecraft:grass_block":3,"ftbstructures:green_barrel":14,"ftbstructures:white_barrel":4,"cb_multipart:multipart":2,"minecraft:carrots":3,"chisel:andesite/soft_bricks":2,"chisel:marble/raw":6,"ftbstructures:golden_barrel":3,"minecraft:stripped_oak_log":10,"minecraft:stone":191,"ftbstructures:purple_barrel":5,"minecraft:acacia_leaves":2,"ftbstructures:crate":4,"minecraft:clay":5,"minecraft:crafting_table":1,"ftbstructures:pulsating_crate":3,"miniutilities:wooden_spikes":1,"ftbstructures:black_barrel":1,"minecraft:cobblestone":2,"minecraft:oak_planks":15,"ftbstructures:blue_barrel":1,"thermal:eggplant_block":1,"minecraft:oak_log":36,"trashcans:liquid_trash_can":1,"minecraft:sand":3,"minecraft:dirt":9,"ftbjarmod:jar":1,"minecraft:oak_leaves":5},"minecraft:killed":{"tconstruct:earth_slime":12,"minecraft:spider":1},"minecraft:dropped":{"minecraft:cobblestone":1,"minecraft:apple":1,"ftbjarmod:cast_iron_ingot":10,"enderstorage:ender_pouch":1,"trashcans:energy_trash_can":1,"rid:1x_compressed_cobblestone":4,"gravestone:obituary":12,"ftbquests:book":1,"losttrinkets:broken_heart_1":1,"minecraft:gravel":26,"tconstruct:pickaxe":1,"mekanismtools:diamond_paxel":1,"integrateddynamics:menril_log":4,"minecraft:clay_ball":12,"minecraft:prismarine":3,"tconstruct:ender_slime_sapling":1,"refinedstorage:silicon":32,"minecraft:stone":6,"ftbjarmod:tube":2,"krate:krate_basic":1,"tconstruct:earth_slime_sapling":1,"thermal:iron_dust":1},"minecraft:custom":{"minecraft:mob_kills":13,"minecraft:interact_with_crafting_table":24,"minecraft:leave_game":3,"minecraft:time_since_death":195052,"minecraft:climb_one_cm":2468,"minecraft:sprint_one_cm":269722,"minecraft:walk_one_cm":381745,"minecraft:drop":49,"minecraft:sneak_time":2643,"minecraft:walk_under_water_one_cm":51315,"minecraft:jump":1228,"minecraft:walk_on_water_one_cm":114813,"minecraft:interact_with_furnace":39,"minecraft:play_one_minute":195052,"minecraft:time_since_rest":195052,"minecraft:damage_taken":663,"minecraft:damage_dealt":365,"minecraft:swim_one_cm":18461,"minecraft:fly_one_cm":229842,"minecraft:open_chest":154,"minecraft:crouch_one_cm":3868,"minecraft:fall_one_cm":31396,"minecraft:horse_one_cm":10851},"minecraft:crafted":{"minecraft:wooden_sword":4,"tconstruct:pickaxe":3,"minecraft:oak_planks":28,"minecraft:iron_nugget":9,"tconstruct:kama":1,"minecraft:stone":6,"ftbjarmod:tempered_jar":1,"tconstruct:tool_binding":4,"tconstruct:hand_axe":1,"trashcans:ultimate_trash_can":1,"krate:krate_basic":1,"minecraft:chest":3,"tconstruct:small_axe_head":1,"tconstruct:pickaxe_head":2,"tconstruct:tough_handle":1,"powah:dielectric_paste":24,"tconstruct:small_blade":6,"minecraft:cooked_porkchop":1,"trashcans:liquid_trash_can":1,"minecraft:crafting_table":1,"minecraft:baked_potato":1,"tconstruct:tool_handle":16,"minecraft:bucket":1,"minecraft:air":219,"cobblefordays:tier_1":1,"tconstruct:sword":5,"minecraft:oak_boat":1,"minecraft:wooden_hoe":1,"minecraft:charcoal":14,"minecraft:stick":8,"krate:krate_small":5},"minecraft:used":{"krate:krate_big":1,"minecraft:chest":1,"krate:krate_basic":6,"minecraft:dirt":3,"thermal:eggplant_block":1,"minecraft:carrot":9,"ftbjarmod:tempered_jar":1,"trashcans:liquid_trash_can":1,"cobblefordays:tier_1":1,"minecraft:oak_sapling":1,"tconstruct:kama":4,"immersiveengineering:cloche":4,"minecraft:baked_potato":5,"minecraft:oak_planks":17,"chisel:carpet/purple/llama":6,"minecraft:parrot_spawn_egg":1,"mekanismtools:lapis_lazuli_axe":23,"trashcans:ultimate_trash_can":2,"minecraft:crafting_table":1,"minecraft:oak_log":10,"miniutilities:wooden_spikes":1,"ftbjarmod:tube":9,"industrialforegoing:material_stonework_factory":1,"minecraft:wooden_hoe":1,"minecraft:apple":13,"tconstruct:part_chest":1,"cfm:fridge_dark":1,"cottonly:cotton_seeds":7,"minecraft:cobblestone":1,"ftbjarmod:jar":1,"minecraft:cooked_porkchop":1,"minecraft:bucket":6,"farmersdelight:fruit_salad":5},"minecraft:picked_up":{"minecraft:shulker_shell":6,"tconstruct:ender_slime_sapling":1,"minecraft:crafting_table":1,"cb_microblock:microblock":3,"minecraft:clay_ball":20,"losttrinkets:broken_heart_2":1,"minecraft:leather_leggings":1,"cottonly:cotton_seeds":8,"tconstruct:sword":1,"rid:mob_soul":2,"gravestone:obituary":14,"blockcarpentry:frame_slab":1,"thermal:iron_dust":22,"minecraft:music_disc_cat":1,"minecraft:string":2,"better_diving:fins":1,"chisel:carpet/purple/llama":6,"integrateddynamics:menril_log":4,"krate:krate_big":1,"tconstruct:repair_kit":3,"minecraft:sea_pickle":2,"minecraft:red_sand":4,"minecraft:bucket":1,"losttrinkets:broken_heart_1":2,"minecraft:furnace":1,"refinedstorage:silicon":32,"minecraft:stone":11,"minecraft:acacia_log":9,"tconstruct:pickaxe":1,"better_diving:wetsuit_leggings":1,"minecraft:golden_axe":1,"minecraft:carrot":10,"rid:1x_compressed_cobblestone":8,"losttrinkets:fire_mind":1,"botania:manasteel_ingot":2,"minecraft:cactus":6,"minecraft:music_disc_ward":1,"losttrinkets:mirror_shard":1,"ftbjarmod:tube":20,"ftbsluice:sluice_fortune_upgrade":2,"minecraft:gold_ingot":6,"minecraft:music_disc_wait":1,"tconstruct:earth_slime_sapling":1,"chisel:andesite/soft_bricks":4,"minecraft:iron_bars":3,"minecraft:cobblestone":261,"minecraft:white_wool":36,"minecraft:stripped_oak_log":10,"rid:1x_compressed_gravel":2,"losttrinkets:treasure_bag":1,"minecraft:basalt":1,"krate:krate_basic":5,"minecraft:chiseled_quartz_block":20,"ftbjarmod:tempered_glass":7,"minecraft:oak_log":107,"minecraft:lily_pad":2,"trashcans:item_trash_can":1,"cfm:fridge_light":1,"trashcans:liquid_trash_can":1,"minecraft:dirt":10,"trashcans:energy_trash_can":3,"botania:mana_diamond":2,"minecraft:leather_boots":1,"minecraft:glass":13,"ftbjarmod:jar":1,"minecraft:apple":1,"ftbquests:book":1,"farmersdelight:fruit_salad":6,"trashcans:ultimate_trash_can":1,"minecraft:prismarine":3,"minecraft:oak_planks":15,"minecraft:acacia_sapling":2,"minecraft:music_disc_chirp":1,"chisel:marble/raw":6,"minecraft:quartz":4,"minecraft:gravel":112,"minecraft:sand":3,"losttrinkets:ruby_heart":1,"minecraft:melon":2,"thermal:eggplant_block":3,"obsidianboat:obsidianboat":1,"thermal:spice_cake":1,"minecraft:crying_obsidian":24,"minecraft:mossy_cobblestone":1,"mekanism:basic_control_circuit":4,"minecraft:slime_ball":7,"cfm:fridge_dark":2,"losttrinkets:broken_heart_4":1,"minecraft:baked_potato":4,"minecraft:oak_sapling":2,"minecraft:nether_star":1,"betterendforge:guidebook":1},"minecraft:broken":{"minecraft:wooden_hoe":1}},"DataVersion":2586}