{"stats":{"minecraft:mined":{"mysticalagriculture:iron_crop":1,"minecraft:oak_sapling":45,"minecraft:farmland":3,"minecraft:mossy_cobblestone":1,"minecraft:oak_door":2,"minecraft:ladder":3,"gravestone:gravestone":2,"minecraft:granite":25,"minecraft:grass_block":83,"krate:krate_large":2,"minecraft:soul_campfire":1,"ftbstructures:green_barrel":7,"cottonly:cotton_plant":4,"minecraft:oxeye_daisy":3,"ftbjarmod:tube":3,"immersiveengineering:hemp":8,"minecraft:andesite":135,"minecraft:azure_bluet":1,"minecraft:gold_block":24,"minecraft:potatoes":1,"minecraft:cobblestone_slab":3,"mysticalagriculture:prudentium_growth_accelerator":2,"tconstruct:earth_congealed_slime":64,"minecraft:stone":1376,"ftbstructures:purple_barrel":4,"chisel:basalt/raw":58,"ftbstructures:crate":7,"minecraft:dandelion":2,"ftbstructures:pulsating_crate":1,"minecraft:clay":16,"minecraft:torch":4,"minecraft:cornflower":3,"minecraft:chest":1,"minecraft:poppy":3,"minecraft:campfire":3,"ftbstructures:black_barrel":1,"minecraft:tall_grass":7,"minecraft:cobblestone":573,"minecraft:wall_torch":1,"minecraft:seagrass":1,"miniutilities:iron_spikes":1,"storagedrawers:oak_full_drawers_1":1,"minecraft:grass":76,"elevatorid:elevator_white":1,"minecraft:oak_log":292,"minecraft:gravel":39,"minecraft:sand":19,"minecraft:dirt":43,"blockcarpentry:frame_slab":13,"minecraft:oak_leaves":56,"tconstruct:sky_congealed_slime":35},"minecraft:killed":{"tconstruct:earth_slime":18,"minecraft:spider":3,"minecraft:skeleton":2,"minecraft:drowned":1,"thermal:blitz":1,"minecraft:pig":1,"minecraft:bat":6,"minecraft:creeper":9,"minecraft:zombie":9},"minecraft:killed_by":{"minecraft:player":1,"thermal:blitz":1},"minecraft:custom":{"minecraft:mob_kills":51,"minecraft:interact_with_crafting_table":52,"minecraft:interact_with_campfire":8,"minecraft:leave_game":2,"minecraft:time_since_death":152419,"minecraft:climb_one_cm":6322,"minecraft:sprint_one_cm":205649,"minecraft:walk_one_cm":698360,"minecraft:drop":88,"minecraft:sneak_time":4317,"minecraft:deaths":2,"minecraft:walk_under_water_one_cm":14293,"minecraft:jump":817,"minecraft:walk_on_water_one_cm":44578,"minecraft:interact_with_furnace":163,"minecraft:play_one_minute":237445,"minecraft:time_since_rest":152443,"minecraft:damage_taken":1489,"minecraft:damage_absorbed":48,"minecraft:damage_dealt":6354,"minecraft:use_wand":524,"minecraft:player_kills":3,"minecraft:swim_one_cm":5561,"minecraft:fly_one_cm":64961,"minecraft:open_chest":365,"minecraft:crouch_one_cm":8131,"minecraft:fall_one_cm":5761,"minecraft:horse_one_cm":1249},"minecraft:dropped":{"minecraft:oak_slab":30,"simplyjetpacks:jetpack_vanilla1":1,"minecraft:oak_log":512,"chisel:marble/raw":28,"minecraft:cobblestone":832,"tconstruct:sword":1,"trashcans:energy_trash_can":1,"tconstruct:hand_axe":1,"gravestone:obituary":8,"minecraft:sand":602,"minecraft:bucket":1,"minecraft:oak_door":1,"minecraft:gravel":1101,"cottonly:cotton_seeds":2,"mcwroofs:oak_roof":1,"ftbjarmod:tempered_glass":7,"minecraft:oak_planks":128,"minecraft:stripped_oak_log":1,"chisel:basalt/raw":1,"blockcarpentry:frame_slab":22,"ftbjarmod:tube":12,"krate:krate_basic":1,"minecraft:oak_sapling":19,"storagedrawers:oak_half_drawers_4":3,"minecraft:basalt":1,"minecraft:glass":10},"minecraft:crafted":{"tconstruct:pickaxe":14,"minecraft:oak_planks":80,"minecraft:cobblestone_slab":60,"minecraft:iron_nugget":14,"tconstruct:repair_kit":15,"tconstruct:kama":3,"minecraft:stone":168,"ftbjarmod:tempered_jar":1,"tconstruct:tool_binding":4,"ftbjarmod:tempered_glass":36,"minecraft:glass_pane":48,"ftbjarmod:tube":24,"tconstruct:hand_axe":1,"minecraft:glass":49,"ftbsluice:stone_hammer":2,"minecraft:chest":6,"minecraft:oak_button":3,"tconstruct:small_axe_head":2,"trashcans:item_trash_can":1,"tconstruct:pickaxe_head":4,"ftbjarmod:cast_iron_nugget":18,"minecraft:lead":2,"ftbjarmod:cast_iron_gear":6,"minecraft:red_dye":2,"tconstruct:small_blade":4,"smallships:oak_cog":1,"ftbjarmod:jar":3,"smallships:sail_item":1,"minecraft:soul_campfire":2,"minecraft:cooked_porkchop":3,"farmersdelight:iron_knife":1,"constructionwand:iron_wand":1,"storagedrawers:oak_full_drawers_1":2,"tconstruct:tool_handle":5,"trashcans:energy_trash_can":1,"minecraft:campfire":3,"minecraft:air":2629,"minecraft:painting":1,"cobblefordays:tier_1":1,"minecraft:blue_dye":1,"tconstruct:sword":3,"farmersdelight:cutting_board":1,"minecraft:oak_boat":1,"minecraft:white_wool":1,"minecraft:charcoal":35,"minecraft:stick":8,"minecraft:iron_ingot":11,"minecraft:torch":12,"storagedrawers:upgrade_template":4,"tconstruct:mattock":4},"minecraft:used":{"storagedrawers:oak_full_drawers_1":2,"minecraft:ladder":2,"minecraft:acacia_log":1,"immersiveengineering:seed":8,"trashcans:item_trash_can":1,"minecraft:chest":2,"minecraft:rotten_flesh":17,"minecraft:oak_door":11,"minecraft:soul_campfire":2,"minecraft:torch":16,"minecraft:dirt":57,"minecraft:carrot":4,"ftbjarmod:tempered_jar":1,"mysticalagradditions:inferium_apple":11,"krate:krate_large":4,"blockcarpentry:frame_slab":1,"ftbsluice:stone_hammer":537,"rid:1x_compressed_cobblestone":1,"cobblefordays:tier_1":1,"mysticalagriculture:prudentium_growth_accelerator":3,"farmersdelight:cutting_board":1,"minecraft:oak_sapling":40,"minecraft:furnace":9,"bloodmagic:incensealtar":1,"minecraft:potato":2,"tconstruct:kama":22,"industrialforegoing:mob_imprisonment_tool":12,"minecraft:cobblestone_slab":12,"chisel:basalt/raw":50,"mysticalagriculture:rubber_seeds":1,"minecraft:sand":1,"elevatorid:elevator_white":3,"smallships:oak_cog":1,"minecraft:mossy_cobblestone":1,"constructionwand:stone_wand":73,"minecraft:campfire":3,"ftbjarmod:tube":12,"minecraft:oak_log":22,"minecraft:apple":8,"mysticalagriculture:iron_seeds":2,"dimpaintings:nether_painting":14,"cottonly:cotton_seeds":18,"minecraft:cobblestone":695,"ftbjarmod:jar":6,"minecraft:cooked_porkchop":3,"minecraft:bucket":7,"obsidianboat:obsidianboat":1,"minecraft:bone_meal":30},"minecraft:picked_up":{"minecraft:charcoal":6,"tconstruct:ender_slime_sapling":1,"losttrinkets:broken_heart_2":1,"minecraft:azure_bluet":2,"minecraft:ladder":3,"minecraft:clay_ball":76,"cottonly:cotton_seeds":61,"storagedrawers:oak_half_drawers_4":3,"mysticalagriculture:iron_seeds":1,"mysticalagriculture:prudentium_growth_accelerator":2,"minecraft:gold_block":24,"tconstruct:sword":1,"chisel:iron_chisel":1,"rid:mob_soul":13,"gravestone:obituary":3,"blockcarpentry:frame_slab":23,"minecraft:cornflower":3,"minecraft:music_disc_cat":1,"minecraft:string":1,"minecraft:soul_soil":1,"integrateddynamics:menril_log":4,"tconstruct:hand_axe":1,"thermal:barley_seeds":1,"minecraft:sea_pickle":2,"mysticalagriculture:inferium_essence":6,"farmersdelight:straw":12,"losttrinkets:butchers_cleaver":1,"minecraft:cobblestone_slab":3,"tconstruct:earth_slime_sling":1,"rid:1x_compressed_sand":4,"minecraft:poppy":4,"minecraft:chest":1,"minecraft:furnace":1,"minecraft:stick":49,"minecraft:music_disc_blocks":1,"minecraft:oak_door":2,"thermal:sadiroot_seeds":1,"minecraft:torch":9,"minecraft:acacia_log":1,"minecraft:porkchop":3,"farmersdelight:tomato_seeds":1,"mysticalagriculture:infusion_crystal":1,"minecraft:carrot":4,"minecraft:redstone":16,"minecraft:cactus":12,"rid:1x_compressed_cobblestone":15,"tconstruct:sky_slime_ball":140,"pipez:wrench":1,"thermal:peanut_seeds":1,"minecraft:arrow":3,"minecraft:rotten_flesh":11,"thermal:corn_seeds":2,"ftbjarmod:tube":5,"minecraft:end_rod":4,"thermal:radish_seeds":1,"krate:krate_small":5,"minecraft:music_disc_wait":1,"minecraft:sponge":8,"minecraft:white_wool":32,"minecraft:cobblestone":2981,"minecraft:oxeye_daisy":4,"minecraft:stripped_oak_log":2,"farmersdelight:rice":14,"minecraft:andesite":270,"minecraft:chiseled_quartz_block":8,"krate:krate_basic":1,"minecraft:potato":4,"minecraft:flint":4,"minecraft:oak_log":1309,"immersiveengineering:floodlight":2,"better_diving:diving_mask":1,"minecraft:gunpowder":9,"minecraft:dirt":207,"minecraft:name_tag":1,"minecraft:glass":1,"minecraft:bone":2,"thermal:hops_seeds":1,"minecraft:apple":10,"minecraft:bow":1,"losttrinkets:minds_eye":2,"minecraft:wheat_seeds":1,"minecraft:iron_ingot":11,"krate:krate_large":3,"thermal:tea_seeds":1,"thermal:tomato_seeds":2,"cfm:post_box":1,"storagedrawers:oak_full_drawers_1":5,"minecraft:oak_planks":253,"minecraft:acacia_sapling":1,"elevatorid:elevator_white":1,"minecraft:oak_slab":60,"thermal:bell_pepper_seeds":2,"mysticalagradditions:inferium_paxel":1,"ftbjarmod:cast_iron_ingot":20,"mysticalagriculture:iron_essence":4,"minecraft:pumpkin":1,"thermal:strawberry_seeds":2,"chisel:marble/raw":56,"cottonly:ball":21,"minecraft:dandelion":3,"minecraft:gravel":1522,"thermal:frost_melon_seeds":2,"minecraft:sand":1088,"thermal:green_bean_seeds":3,"simplybackpacks:rarebackpack":1,"minecraft:spider_eye":1,"mob_grinding_utils:fan":1,"minecraft:mossy_cobblestone":1,"thermal:rice_seeds":2,"dimpaintings:nether_painting":4,"minecraft:dried_kelp_block":4,"minecraft:slime_ball":263,"immersiveengineering:seed":9,"miniutilities:iron_spikes":1,"ftbjarmod:cast_iron_nugget":3,"thermal:eggplant_seeds":1,"minecraft:granite":64,"chisel:basalt/raw":55,"mysticalagriculture:rubber_essence":1,"minecraft:oak_sapling":104,"minecraft:coal":1},"minecraft:broken":{"constructionwand:stone_wand":4,"ftbsluice:stone_hammer":1}},"DataVersion":2586}