{"stats":{"minecraft:mined":{"minecraft:oak_door":47,"minecraft:sea_lantern":2,"ftbsluice:dust":2,"gravestone:gravestone":15,"minecraft:granite":50,"minecraft:grass_block":2,"storagedrawers:oak_half_drawers_4":1,"ftbstructures:green_barrel":1,"minecraft:tall_seagrass":5,"minecraft:furnace":1,"minecraft:polished_basalt":1,"chisel:marble/raw":29,"minecraft:gold_block":1,"minecraft:stone":417,"chisel:basalt/raw":93,"minecraft:blackstone":5,"chisel:glowstone/extra/bismuth":9,"minecraft:basalt":2,"minecraft:torch":1,"minecraft:blackstone_slab":22,"minecraft:glass":2,"minecraft:cobblestone":48,"minecraft:prismarine":4,"minecraft:oak_planks":9,"minecraft:seagrass":1,"minecraft:chain":1,"minecraft:black_stained_glass":6,"ftbstructures:blue_barrel":1,"chisel:stone_bricks/pillar":5,"rid:2x_compressed_cobblestone":7,"ftbsluice:oak_sluice":1,"minecraft:oak_log":430,"minecraft:sand":14,"minecraft:dirt":4,"blockcarpentry:frame_slab":32,"rid:1x_compressed_cobblestone":2,"minecraft:oak_leaves":5},"minecraft:killed":{"minecraft:guardian":4,"minecraft:drowned":11,"minecraft:pig":1,"minecraft:bat":1,"minecraft:creeper":1,"minecraft:zombie":3},"minecraft:killed_by":{"minecraft:player":3,"minecraft:drowned":3,"minecraft:guardian":1},"minecraft:dropped":{"minecraft:oak_log":198,"minecraft:cobblestone":24,"notenoughwands:acceleration_wand":1,"storagedrawers:redstone_upgrade":3,"minecraft:stick":18,"tconstruct:hand_axe":1,"tconstruct:repair_kit":3,"gravestone:obituary":23,"rid:redstone_chunk":1,"minecraft:prismarine":3,"ftbsluice:stone_hammer":2,"blockcarpentry:frame_slab":1,"tconstruct:mattock":1,"thermal:cinnabar":1},"minecraft:custom":{"minecraft:mob_kills":22,"minecraft:interact_with_crafting_table":18,"minecraft:leave_game":4,"minecraft:time_since_death":670,"minecraft:sprint_one_cm":101581,"minecraft:walk_one_cm":390897,"minecraft:drop":47,"minecraft:deaths":19,"minecraft:sneak_time":4637,"minecraft:walk_under_water_one_cm":43255,"minecraft:boat_one_cm":291328,"minecraft:jump":971,"minecraft:walk_on_water_one_cm":64790,"minecraft:interact_with_furnace":24,"minecraft:play_one_minute":155880,"minecraft:time_since_rest":692,"minecraft:damage_taken":5572,"minecraft:damage_dealt":6156,"minecraft:swim_one_cm":6630,"minecraft:fly_one_cm":92370,"minecraft:player_kills":1,"minecraft:open_chest":62,"minecraft:crouch_one_cm":9438,"minecraft:fall_one_cm":20388,"minecraft:horse_one_cm":4513},"minecraft:crafted":{"tconstruct:pickaxe":6,"minecraft:oak_planks":96,"minecraft:iron_nugget":9,"minecraft:oak_pressure_plate":1,"minecraft:chain":1,"minecraft:furnace":2,"tconstruct:repair_kit":13,"tconstruct:kama":1,"tconstruct:tool_binding":5,"ftbsluice:iron_hammer":1,"tconstruct:hand_axe":1,"minecraft:glass":2,"ftbsluice:stone_hammer":1,"tconstruct:small_axe_head":2,"tconstruct:pickaxe_head":4,"tconstruct:small_blade":2,"minecraft:cooked_porkchop":1,"minecraft:crafting_table":2,"tconstruct:tool_handle":7,"minecraft:air":439,"tconstruct:sword":2,"minecraft:oak_boat":3,"minecraft:charcoal":2,"constructionwand:stone_wand":1,"minecraft:stick":8,"farmersdelight:cooked_bacon":2,"ftbsluice:iron_sluice":1,"tconstruct:mattock":5},"minecraft:used":{"krate:krate_big":1,"miniutilities:iron_spikes":1,"ftbsluice:dust":2,"minecraft:rotten_flesh":10,"minecraft:oak_door":96,"minecraft:torch":7,"minecraft:dirt":2,"minecraft:carrot":6,"minecraft:granite":13,"minecraft:glass":2,"ftbsluice:stone_hammer":266,"blockcarpentry:frame_slab":23,"ftbsluice:iron_hammer":1,"rid:1x_compressed_cobblestone":2,"chisel:marble/raw":1,"minecraft:oak_sapling":54,"minecraft:furnace":2,"rid:2x_compressed_cobblestone":7,"minecraft:potato":2,"tconstruct:kama":22,"minecraft:water_bucket":2,"minecraft:oak_planks":69,"minecraft:blackstone":3,"chisel:basalt/raw":74,"minecraft:crafting_table":2,"minecraft:oak_log":13,"minecraft:apple":14,"minecraft:gravel":1,"minecraft:blackstone_slab":2,"ftbsluice:iron_sluice":1,"farmersdelight:cooked_bacon":2,"minecraft:cobblestone":149,"minecraft:cooked_porkchop":1,"tconstruct:mattock":2,"minecraft:bucket":3,"obsidianboat:obsidianboat":7,"storagedrawers:oak_half_drawers_4":1},"minecraft:picked_up":{"minecraft:prismarine_shard":4,"minecraft:brown_mushroom":2,"thermal:cinnabar":1,"minecraft:gold_block":1,"storagedrawers:oak_half_drawers_4":1,"rid:nickel_chunk":5,"rid:mob_soul":3,"minecraft:chain":1,"gravestone:obituary":14,"blockcarpentry:frame_slab":31,"minecraft:blackstone":3,"mysticalagriculture:inferium_essence":6,"botania:aura_ring":1,"thermal:niter":1,"minecraft:furnace":1,"minecraft:stick":81,"rid:2x_compressed_cobblestone":7,"ftbsluice:stone_hammer":2,"minecraft:oak_door":50,"minecraft:torch":1,"appliedenergistics2:charged_certus_quartz_crystal":2,"minecraft:porkchop":1,"miniutilities:wooden_spikes":1,"rid:silver_chunk":2,"minecraft:carrot":5,"minecraft:prismarine_crystals":3,"rid:1x_compressed_cobblestone":1,"thermal:apatite":1,"minecraft:rotten_flesh":10,"ftbsluice:dust":45,"minecraft:music_disc_ward":1,"minecraft:polished_basalt":1,"botania:travel_belt":1,"rid:gold_chunk":1,"minecraft:cod":1,"minecraft:cobblestone":510,"minecraft:basalt":1,"rid:lapis_chunk":1,"minecraft:blackstone_slab":5,"farmersdelight:bacon":2,"ftbsluice:oak_sluice":1,"minecraft:oak_log":628,"minecraft:gunpowder":5,"notenoughwands:acceleration_wand":2,"rid:redstone_chunk":2,"minecraft:dirt":7,"chisel:stone_bricks/pillar":5,"mekanismtools:iron_paxel":1,"minecraft:apple":7,"appliedenergistics2:certus_quartz_crystal":2,"tconstruct:mattock":1,"minecraft:glowstone_dust":23,"minecraft:prismarine":3,"minecraft:oak_planks":8,"chisel:marble/raw":29,"botania:manasteel_helmet":1,"minecraft:gravel":9,"minecraft:sand":14,"minecraft:ink_sac":1,"obsidianboat:obsidianboat":7,"mob_grinding_utils:fan":1,"miniutilities:iron_spikes":1,"minecraft:granite":27,"minecraft:bone_meal":6,"chisel:basalt/raw":83,"minecraft:oak_sapling":99}},"DataVersion":2586}