{"stats":{"minecraft:mined":{"ftbstructures:red_barrel":11,"ftbsluice:dust":1,"krate:krate_large":2,"chisel:factory/rustplates":6,"tconstruct:part_chest":1,"minecraft:hopper":4,"minecraft:oak_wall_sign":2,"minecraft:oxeye_daisy":12,"minecraft:spawner":20,"minecraft:polished_blackstone_bricks":5,"minecraft:weeping_vines_plant":6,"minecraft:tall_seagrass":2,"minecraft:magma_block":14,"chisel:andesite/soft_bricks":6,"minecraft:fire":2,"mcwroofs:oak_roof":1,"pipez:fluid_pipe":1,"minecraft:twisting_vines":1,"ftbdripper:dripper":1,"minecraft:oak_stairs":6,"ftbstructures:golden_barrel":10,"mcwdoors:metal_warning_door":1,"trashcans:ultimate_trash_can":4,"ftbstructures:purple_barrel":20,"minecraft:cut_sandstone":13,"chisel:glowstone/extra/bismuth":10,"minecraft:kelp_plant":62,"minecraft:blue_stained_glass":1,"ftbstructures:pulsating_crate":7,"minecraft:torch":18,"chisel:marble/cracked":1,"ftbstructures:black_barrel":9,"minecraft:glass":3,"minecraft:skeleton_skull":1,"chisel:carpet/purple/llama":6,"minecraft:wheat":1,"storagedrawers:oak_full_drawers_1":3,"minecraft:grass":298,"mysticalagriculture:iron_crop":1,"mysticalagriculture:gold_crop":1,"chisel:futura/controller_purple":1,"minecraft:sea_lantern":23,"minecraft:shulker_box":17,"industrialforegoing:mob_duplicator":1,"minecraft:nether_bricks":21,"minecraft:kelp":148,"ftbstructures:white_barrel":7,"chisel:marble/raw":1,"simplylight:wall_lamp":3,"industrialforegoing:material_stonework_factory":2,"minecraft:potatoes":1,"betterendforge:jellyshroom_trapdoor":3,"recycler:recycler":1,"tconstruct:earth_congealed_slime":79,"minecraft:oak_slab":2,"minecraft:soul_sand":1,"minecraft:polished_blackstone_brick_wall":1,"minecraft:dandelion":21,"minecraft:cornflower":10,"minecraft:campfire":1,"enderstorage:ender_tank":2,"minecraft:tall_grass":37,"chisel:factory/rust2":10,"minecraft:mycelium":1,"minecraft:gravel":16,"mysticalagriculture:prudentium_furnace":1,"tconstruct:sky_congealed_slime":62,"minecraft:farmland":36,"ftbsluice:iron_sluice":2,"ftbstructures:small_crate":1,"minecraft:andesite_stairs":1,"minecraft:grass_block":104,"integrateddynamics:squeezer":2,"chisel:marble/weaver":5,"mysticalagriculture:inferium_farmland":1,"minecraft:composter":1,"ftbsluice:pump":1,"ftbstructures:green_barrel":23,"minecraft:gilded_blackstone":5,"cobblefordays:tier_1":10,"ftbjarmod:tube":14,"minecraft:glowstone":105,"integratedterminals:menril_glass":1,"minecraft:azure_bluet":5,"minecraft:iron_bars":1,"tconstruct:sky_slime_dirt":1,"minecraft:twisting_vines_plant":1,"minecraft:clay":40,"chisel:stone_bricks/ornate":4,"mysticalagriculture:inferium_crop":4,"minecraft:poppy":8,"chisel:factory/metalbox":1,"minecraft:chest":21,"minecraft:cobblestone":143,"minecraft:oak_planks":2,"krate:krate_big":1,"mcwfences:railing_blackstone_wall":2,"minecraft:wall_torch":4,"krate:krate_small":3,"minecraft:seagrass":2,"ftbstructures:blue_barrel":5,"minecraft:mossy_stone_brick_wall":1,"rid:2x_compressed_sand":8,"farmersdelight:cutting_board":1,"ftbjarmod:auto_processing_block":1,"minecraft:oak_log":360,"minecraft:sand":184,"minecraft:dirt":89,"minecraft:dispenser":1,"minecraft:netherrack":44,"minecraft:oak_leaves":25,"trashcans:item_trash_can":2,"minecraft:oak_door":4,"krate:krate_basic":1,"minecraft:lever":1,"minecraft:ladder":15,"ftbjarmod:tempered_jar":5,"minecraft:soul_campfire":1,"minecraft:polished_andesite_slab":1,"ftbsluice:diamond_sluice":1,"cottonly:cotton_plant":24,"minecraft:furnace":9,"minecraft:carrots":1,"thermal:dynamo_magmatic":1,"chisel:futura/uber_wavy":13,"botanypots:hopper_botany_pot":3,"minecraft:gold_block":34,"mysticalagriculture:prudentium_growth_accelerator":2,"minecraft:stripped_oak_log":58,"simplylight:edge_light":2,"minecraft:stone":61,"mysticalagriculture:inferium_furnace":2,"mysticalagriculture:rubber_crop":1,"ftbsluice:iron_auto_hammer":10,"chisel:basalt/raw":157,"ftbstructures:crate":31,"pipez:item_pipe":29,"industrialforegoing:mob_crusher":1,"chisel:glowstone/extra/tiles_large_bismuth":1,"ftbsluice:oak_sluice":1,"minecraft:grass_path":5,"minecraft:lodestone":12,"ftbjarmod:jar":3,"blockcarpentry:frame_slab":5,"cfm:fridge_dark":1,"minecraft:mossy_stone_bricks":3},"minecraft:killed":{"tconstruct:earth_slime":1,"minecraft:skeleton":23,"minecraft:guardian":5,"minecraft:zombie":16,"thermal:basalz":1,"minecraft:horse":2,"minecraft:spider":3,"minecraft:piglin":1,"minecraft:pig":1,"minecraft:creeper":12,"minecraft:sheep":1,"minecraft:stray":3,"minecraft:blaze":24,"minecraft:llama":2,"minecraft:drowned":11,"minecraft:wither_skeleton":1},"minecraft:custom":{"minecraft:interact_with_crafting_table":231,"minecraft:leave_game":6,"minecraft:time_since_death":836188,"minecraft:jump":2081,"minecraft:interact_with_furnace":168,"minecraft:damage_dealt":19044,"minecraft:horse_one_cm":2079,"minecraft:inspect_hopper":14,"minecraft:sneak_time":11704,"minecraft:time_since_rest":836188,"minecraft:use_wand":131,"minecraft:swim_one_cm":400684,"minecraft:fly_one_cm":287040,"minecraft:open_chest":1036,"minecraft:fall_one_cm":24237,"minecraft:open_shulker_box":106,"minecraft:damage_resisted":32,"minecraft:sprint_one_cm":325268,"minecraft:drop":190,"minecraft:walk_on_water_one_cm":254379,"minecraft:play_one_minute":836188,"minecraft:crouch_one_cm":13008,"minecraft:mob_kills":122,"minecraft:climb_one_cm":77720,"minecraft:walk_one_cm":1908448,"minecraft:walk_under_water_one_cm":257763,"minecraft:boat_one_cm":93187,"minecraft:damage_taken":4923},"minecraft:dropped":{"miniutilities:cursed_earth":8,"akashictome:tome":1,"mysticalagriculture:iron_essence":2,"mcwdoors:metal_warning_door":1,"minecraft:saddle":1,"chisel:andesite/soft_bricks":10,"minecraft:leather_helmet":2,"tconstruct:sword":2,"minecraft:dirt":2,"theoneprobe:diamond_helmet_probe":2,"tconstruct:repair_kit":7,"ftbsluice:crushed_netherrack":1,"minecraft:chain":6,"minecraft:sand":268,"tconstruct:pickaxe":3,"minecraft:music_disc_blocks":1,"minecraft:oak_door":2,"minecraft:lever":1,"minecraft:golden_chestplate":1,"better_diving:wetsuit_leggings":1,"cottonly:cotton_seeds":20,"minecraft:rotten_flesh":3,"minecraft:oak_planks":1,"minecraft:blaze_powder":6,"minecraft:golden_shovel":2,"chisel:basalt/raw":96,"mysticalagriculture:inferium_essence":1,"minecraft:iron_ingot":11,"storagedrawers:shroud_key":1,"minecraft:cobblestone":432,"ftbdripper:dripper":1,"chisel:futura/controller_purple":1,"enderstorage:ender_tank":2,"tconstruct:hand_axe":2,"minecraft:golden_carrot":4,"krate:krate_large":1,"mysticalagradditions:inferium_paxel":1,"minecraft:furnace":1,"miniutilities:wooden_spikes":1,"chisel:factory/metalbox":1,"ftbsluice:pump":1,"miniutilities:experience_pearl_2x":5,"mcwfences:railing_blackstone_wall":1,"ftbsluice:stone_hammer":1,"minecraft:sea_pickle":7,"tconstruct:mattock":1,"minecraft:andesite_stairs":1,"thermal:iron_dust":24,"cottonly:ball":3,"minecraft:bow":1,"pipez:wrench":1,"tconstruct:sky_slime_dirt":1,"simplylight:edge_light":2,"minecraft:oak_log":31,"minecraft:baked_potato":4,"chisel:marble/raw":1,"ftbjarmod:cast_iron_ingot":2,"minecraft:polished_blackstone_brick_wall":1,"minecraft:cod":2,"ftblibrary:fluid_container":2,"integrateddynamics:menril_planks":8,"chisel:marble/cracked":2,"minecraft:cut_sandstone":8,"tconstruct:small_axe_head":2,"gravestone:obituary":7,"minecraft:gilded_blackstone":6,"ftbquests:book":1,"minecraft:gravel":2,"miniutilities:iron_spikes":5,"tconstruct:tough_handle":2,"minecraft:prismarine":3,"tconstruct:cleaver":1,"better_diving:standard_o2_tank":2,"minecraft:leather_chestplate":1,"blockcarpentry:frame_slab":7,"minecraft:gunpowder":1,"krate:krate_big":1,"krate:krate_basic":1,"minecraft:basalt":2,"minecraft:arrow":10,"obsidianboat:obsidianboat":1,"immersiveengineering:seed":1,"tconstruct:pickaxe_head":1,"bloodmagic:incensealtar":1,"minecraft:prismarine_shard":2,"betterendforge:jellyshroom_trapdoor":1,"chisel:marble/weaver":4,"minecraft:stick":2,"rid:1x_compressed_cobblestone":13,"minecraft:music_disc_ward":1,"mysticalagriculture:rubber_essence":1,"minecraft:redstone":20,"ftbsluice:dust":43,"minecraft:kelp":2,"minecraft:chiseled_quartz_block":12,"chisel:factory/rust2":4,"minecraft:shulker_box":2,"better_diving:fins":2,"chisel:factory/rustplates":2,"tconstruct:drowned_head":1,"minecraft:mossy_stone_bricks":6,"minecraft:oak_sapling":2,"chisel:stone_bricks/ornate":1},"minecraft:crafted":{"pipez:wrench":1,"immersiveengineering:hammer":1,"refinedstorage:4k_storage_disk":1,"rid:titanium_cluster":2,"pipez:item_pipe":48,"ftbsluice:oak_sluice":1,"better_diving:wetsuit_leggings":1,"minecraft:iron_bars":16,"tconstruct:hand_axe":1,"refinedstorage:crafting_grid":1,"krate:krate_large":2,"refinedstorage:grid":1,"better_diving:titanium_ingot":9,"better_diving:diving_mask":1,"mysticalagriculture:machine_frame":1,"tconstruct:pickaxe_head":2,"recycler:recycler":1,"minecraft:flower_pot":4,"refinedstorage:raw_advanced_processor":3,"minecraft:soul_campfire":1,"refinedstorage:storage_housing":1,"tconstruct:tool_handle":6,"minecraft:campfire":1,"tconstruct:sword":1,"minecraft:wooden_hoe":8,"better_diving:fiber_mesh":6,"constructionwand:stone_wand":1,"minecraft:iron_block":3,"rid:redstone_cluster":2,"refinedstorage:machine_casing":3,"mysticalagriculture:infusion_crystal":1,"minecraft:composter":1,"minecraft:fire_charge":12,"tconstruct:part_builder":1,"minecraft:iron_nugget":18,"mysticalagriculture:inferium_farmland":3,"mysticalagriculture:water_agglomeratio":3,"tconstruct:repair_kit":9,"tconstruct:kama":1,"minecraft:white_carpet":12,"tconstruct:tinker_station":1,"minecraft:terracotta":50,"krate:krate_basic":6,"ftbsluice:clay_bucket":3,"mysticalagriculture:inferium_seeds":1,"refinedstorage:raw_improved_processor":2,"minecraft:red_carpet":6,"ftbsluice:iron_auto_hammer":3,"mysticalagriculture:prosperity_gemstone":1,"ftbsluice:diamond_mesh":2,"refinedstorage:raw_basic_processor":5,"better_diving:ultra_glide_fins":1,"krate:krate_small":24,"refinedstorage:improved_processor":2,"miniutilities:cursed_earth":8,"tconstruct:mattock":2,"minecraft:brick":68,"minecraft:farmland":7,"minecraft:oak_planks":72,"ftbsluice:cloth_mesh":1,"minecraft:sand":270,"refinedstorage:controller":1,"minecraft:stone":45,"tconstruct:tool_binding":3,"ftbjarmod:tempered_glass":32,"pipez:fluid_pipe":16,"ftbsluice:iron_hammer":3,"minecraft:hopper":11,"thermal:iron_dust":1,"thermal:dynamo_magmatic":1,"refinedstorage:4k_storage_part":1,"ftbsluice:gold_mesh":1,"ftbsluice:stone_hammer":1,"tconstruct:seared_brick":20,"mysticalagriculture:tertium_essence":12,"minecraft:chest":6,"tconstruct:small_axe_head":2,"refinedstorage:disk_drive":1,"ftbjarmod:cast_iron_gear":1,"tconstruct:small_blade":2,"minecraft:dropper":7,"better_diving:standard_o2_tank":1,"minecraft:baked_potato":36,"minecraft:red_wool":2,"cottonly:cotton_socks":1,"refinedstorage:basic_processor":5,"thermal:nickel_ingot":9,"minecraft:string":4,"minecraft:iron_ingot":56,"ftbjarmod:blue_magma_block":1,"mysticalagriculture:prudentium_gemstone":1,"mysticalagriculture:prudentium_growth_accelerator":3,"mysticalagriculture:imperium_essence":1,"tconstruct:pattern":18,"minecraft:oak_door":3,"tconstruct:pickaxe":1,"krate:krate_big":3,"better_diving:fins":1,"mysticalagriculture:tertium_farmland":4,"mysticalagriculture:infusion_pedestal":8,"minecraft:piston":1,"ftbjarmod:tempered_jar":2,"refinedstorage:quartz_enriched_iron":44,"ftbjarmod:tube":12,"refinedstorage:advanced_processor":3,"minecraft:clay_ball":48,"refinedstorage:1k_storage_part":2,"minecraft:red_dye":1,"mysticalagriculture:prudentium_essence":49,"thermal:invar_gear":1,"minecraft:bucket":2,"minecraft:air":4743,"mysticalagriculture:prudentium_farmland":2,"botanypots:hopper_botany_pot":7,"ftbjarmod:auto_processing_block":1,"mysticalagriculture:infusion_altar":1,"refinedstorage:construction_core":1,"minecraft:stonecutter":1,"ftbsluice:pump":2,"thermal:rf_coil":1,"minecraft:clay":5},"minecraft:used":{"minecraft:ladder":90,"minecraft:poppy":1,"trashcans:item_trash_can":3,"minecraft:chest":68,"minecraft:farmland":1,"fluxnetworks:flux_plug":1,"chisel:stone_bricks/ornate":1,"chisel:futura/controller_purple":1,"chisel:factory/rust2":6,"mcwfences:railing_blackstone_wall":1,"minecraft:oak_sapling":112,"industrialforegoing:mob_duplicator":1,"minecraft:wooden_pickaxe":1,"minecraft:composter":1,"recycler:recycler":2,"elevatorid:elevator_white":1,"trashcans:ultimate_trash_can":2,"minecraft:sand":165,"enderstorage:ender_tank":4,"ftbsluice:iron_auto_hammer":11,"ftbsluice:iron_sluice":2,"obsidianboat:obsidianboat":5,"ftbsluice:dust":1,"minecraft:mycelium":1,"minecraft:netherrack":44,"minecraft:torch":48,"ftbjarmod:tempered_jar":7,"mysticalagriculture:infusion_pedestal":8,"ftbsluice:iron_hammer":44,"minecraft:basalt":15,"cobblefordays:tier_1":10,"tconstruct:kama":14,"minecraft:wheat_seeds":6,"mysticalagriculture:inferium_furnace":2,"ftbjarmod:blue_magma_block":1,"minecraft:polished_blackstone_bricks":4,"krate:krate_small":3,"minecraft:oak_slab":39,"minecraft:crafting_table":2,"botanypots:hopper_botany_pot":13,"minecraft:campfire":1,"minecraft:oak_log":59,"minecraft:oxeye_daisy":1,"tconstruct:part_chest":1,"refinedstorage:crafting_grid":1,"dimpaintings:nether_painting":4,"minecraft:cobblestone":553,"minecraft:kelp":32,"ftbsluice:diamond_sluice":2,"minecraft:oak_sign":2,"mysticalagriculture:infusion_altar":1,"krate:krate_basic":1,"minecraft:soul_campfire":1,"minecraft:nether_bricks":6,"minecraft:carrot":6,"mekanismtools:diamond_paxel":1151,"refinedstorage:controller":1,"mysticalagriculture:inferium_seeds":6,"integrateddynamics:squeezer":2,"ftbsluice:stone_hammer":189,"mysticalagriculture:prudentium_furnace":2,"mysticalagriculture:prudentium_growth_accelerator":3,"minecraft:magma_block":4,"pipez:item_pipe":66,"refinedstorage:disk_drive":1,"ftbsluice:clay_bucket":63,"ftbjarmod:auto_processing_block":2,"minecraft:oak_planks":16,"mysticalagriculture:inferium_farmland":1,"industrialforegoing:material_stonework_factory":2,"minecraft:lever":2,"mysticalagradditions:inferium_paxel":1,"minecraft:gravel":16,"ftbjarmod:jar":3,"tconstruct:mattock":2,"minecraft:bone_meal":45,"storagedrawers:oak_full_drawers_1":3,"krate:krate_big":1,"minecraft:oak_door":6,"minecraft:dirt":125,"fluxnetworks:herculean_flux_storage":1,"minecraft:hopper":5,"mysticalagriculture:gold_seeds":1,"minecraft:shulker_box":20,"mysticalagriculture:prudentium_farmland":1,"krate:krate_large":3,"mcwroofs:oak_roof":1,"minecraft:oak_stairs":6,"tconstruct:tinker_station":1,"minecraft:golden_carrot":43,"industrialforegoing:mob_crusher":1,"ftbsluice:pump":2,"tconstruct:part_builder":1,"minecraft:enchanted_golden_apple":1,"pipez:fluid_pipe":9,"fluxnetworks:flux_point":1,"minecraft:baked_potato":16,"rid:2x_compressed_sand":8,"constructionwand:stone_wand":17,"ftbjarmod:tube":16,"minecraft:wooden_hoe":2,"minecraft:apple":20,"thermal:dynamo_magmatic":2,"cottonly:cotton_seeds":25,"chisel:futura/uber_wavy":1,"rid:1x_compressed_sand":3,"ftbsluice:oak_sluice":2,"minecraft:bucket":4},"minecraft:picked_up":{"losttrinkets:broken_heart_3":1,"industrialforegoing:laser_lens1":3,"industrialforegoing:laser_lens2":2,"minecraft:chainmail_boots":2,"minecraft:prismarine_shard":11,"farmersdelight:rice_panicle":9,"minecraft:lead":3,"mysticalagriculture:water_seeds":1,"minecraft:oak_stairs":6,"mysticalagriculture:prudentium_growth_accelerator":2,"minecraft:wither_rose":2,"minecraft:enchanted_book":2,"simplylight:wall_lamp":3,"mysticalagradditions:prudentium_apple":1,"blockcarpentry:frame_slab":7,"mysticalagriculture:prosperity_seed_base":5,"farmersdelight:cutting_board":1,"minecraft:music_disc_cat":2,"minecraft:string":7,"krate:krate_big":1,"thermal:barley_seeds":3,"tconstruct:hand_axe":1,"minecraft:gold_nugget":6,"industrialforegoing:laser_lens5":1,"botania:manasteel_chestplate":1,"mysticalagriculture:inferium_essence":60,"industrialforegoing:laser_lens7":1,"industrialforegoing:laser_lens3":1,"losttrinkets:broken_heart_1":2,"losttrinkets:broken_heart_5":1,"minecraft:enchanted_golden_apple":2,"minecraft:music_disc_blocks":2,"minecraft:jukebox":1,"minecraft:composter":1,"thermal:sadiroot_seeds":5,"minecraft:farmland":3,"rid:tin_chunk":4,"mysticalagriculture:inferium_seeds":13,"mcwdoors:metal_warning_door":1,"minecraft:golden_chestplate":5,"thermal:apatite":13,"storagedrawers:emerald_storage_upgrade":1,"ftbsluice:dust":196,"mysticalagriculture:prudentium_farmland":1,"tconstruct:drowned_head":1,"minecraft:polished_basalt":1,"immersiveengineering:shader_bag_common":1,"tconstruct:small_axe_head":2,"farmersdelight:rope":2,"thermal:radish_seeds":6,"powah:battery_starter":1,"minecraft:blaze_rod":14,"chisel:andesite/soft_bricks":10,"minecraft:sponge":48,"thermal:strawberry_block":1,"rid:1x_compressed_gravel":10,"minecraft:magma_block":12,"farmersdelight:rice":3,"minecraft:water_bucket":2,"krate:krate_basic":1,"minecraft:flint":10,"ftbsluice:clay_bucket":1,"losttrinkets:sticky_mind":1,"trashcans:item_trash_can":3,"cfm:fridge_light":5,"fluxnetworks:flux_core":4,"minecraft:twisting_vines":2,"pipez:fluid_pipe":1,"mysticalagriculture:inferium_furnace":2,"tconstruct:blood_slime_sapling":3,"mysticalagriculture:prudentium_shovel":1,"storagedrawers:shroud_key":1,"appliedenergistics2:certus_quartz_crystal":3,"mcwroofs:birch_top_roof":64,"projectred-illumination:white_fixture_light":6,"ftbquests:book":2,"krate:krate_large":2,"mysticalagriculture:soulium_dust":16,"industrialforegoing:range_addon0":1,"minecraft:glowstone_dust":366,"ftbsluice:iron_hammer":1,"patchouli:guide_book":1,"rid:fluorite_chunk":3,"minecraft:ink_sac":1,"thermal:onion_seeds":3,"losttrinkets:warm_void":3,"minecraft:dispenser":1,"minecraft:lever":2,"thermal:eggplant_seeds":3,"mysticalagriculture:prudentium_furnace":1,"tconstruct:ender_slime_sapling":1,"minecraft:crafting_table":1,"botania:life_essence":2,"minecraft:clay_ball":286,"minecraft:leather_leggings":1,"chisel:factory/rustplates":2,"losttrinkets:slingshot":1,"gravestone:obituary":7,"minecraft:cornflower":10,"minecraft:red_bed":1,"chisel:carpet/purple/llama":18,"better_diving:fins":3,"thermal:niter":13,"minecraft:poppy":8,"rid:1x_compressed_sand":4,"minecraft:chest":21,"minecraft:egg":1,"rid:copper_chunk":23,"minecraft:stone":48,"losttrinkets:turtle_shell":1,"minecraft:oak_door":3,"pipez:item_pipe":29,"tconstruct:pickaxe":2,"better_diving:wetsuit_leggings":3,"miniutilities:wooden_spikes":1,"appliedenergistics2:sky_dust":1,"farmersdelight:tomato_seeds":1,"tconstruct:sky_slime_dirt":1,"rid:silver_chunk":5,"minecraft:carrot":73,"minecraft:prismarine_crystals":59,"mysticalagriculture:inferium_farmland":4,"projectred-core:ruby":1,"tconstruct:sky_slime_ball":248,"chisel:marble/cracked":2,"ftbsluice:sluice_fortune_upgrade":2,"rid:gold_chunk":4,"minecraft:gold_ingot":73,"tconstruct:part_chest":4,"tconstruct:earth_slime_sapling":1,"minecraft:mutton":3,"rid:2x_compressed_sand":8,"minecraft:white_wool":17,"minecraft:oxeye_daisy":12,"minecraft:stripped_oak_log":58,"mysticalagriculture:fertilized_essence":2,"chisel:marble/weaver":4,"minecraft:oak_log":399,"minecraft:lily_pad":10,"minecraft:ancient_debris":8,"chisel:stone_bricks/ornate":2,"industrialforegoing:mob_crusher":1,"rid:redstone_chunk":7,"ftbsluice:diamond_sluice":2,"botanypots:hopper_botany_pot":3,"minecraft:apple":21,"minecraft:kelp":232,"minecraft:music_disc_far":1,"thermal:tea_seeds":4,"chisel:factory/rust2":10,"losttrinkets:starfish":1,"industrialforegoing:material_stonework_factory":3,"mysticalagriculture:iron_essence":13,"thermal:strawberry_seeds":3,"botania:manasteel_helmet":1,"chisel:marble/raw":1,"minecraft:gravel":817,"mcwfences:railing_blackstone_wall":2,"thermal:frost_melon_seeds":3,"ftbsluice:sluice_consumption_upgrade":2,"minecraft:spruce_log":32,"obsidianboat:obsidianboat":4,"minecraft:crying_obsidian":16,"minecraft:leather_helmet":2,"dimpaintings:nether_painting":2,"minecraft:slime_ball":334,"immersiveengineering:seed":9,"mysticalagriculture:rubber_essence":2,"minecraft:polished_blackstone_brick_wall":1,"cfm:fridge_dark":4,"losttrinkets:broken_heart_4":1,"minecraft:lodestone":11,"minecraft:warped_nylium":2,"minecraft:crimson_nylium":2,"minecraft:hopper":4,"minecraft:shulker_shell":6,"powah:uraninite_raw_dense":2,"minecraft:wheat":12,"mysticalagriculture:iron_seeds":3,"chisel:iron_chisel":1,"minecraft:gilded_blackstone":6,"rid:diamond_chunk":2,"thermal:coffee_seeds":3,"rid:iron_chunk":27,"thermal:sulfur":7,"minecraft:sea_pickle":20,"cobblefordays:tier_1":10,"minecraft:bucket":1,"minecraft:cobblestone_slab":51,"thermal:spinach_seeds":4,"farmersdelight:cabbage_seeds":3,"minecraft:furnace":9,"minecraft:stick":121,"minecraft:torch":59,"losttrinkets:miners_pick":1,"tconstruct:tough_handle":2,"minecraft:porkchop":1,"minecraft:music_disc_pigstep":1,"minecraft:vine":3,"chiselsandbits:chisel_iron":1,"thermal:flax_seeds":4,"rid:1x_compressed_cobblestone":20,"industrialforegoing:mob_duplicator":1,"losttrinkets:fire_mind":2,"pipez:wrench":2,"enderstorage:ender_tank":6,"minecraft:cactus":18,"minecraft:rotten_flesh":24,"thermal:corn_seeds":4,"rid:quartz_chunk":6,"minecraft:music_disc_ward":3,"ftbjarmod:tube":14,"krate:krate_small":5,"minecraft:leather_horse_armor":2,"minecraft:music_disc_wait":3,"minecraft:obsidian":4,"minecraft:cod":2,"minecraft:blaze_powder":11,"minecraft:cobblestone":436,"minecraft:nautilus_shell":2,"minecraft:leather_chestplate":4,"minecraft:chiseled_quartz_block":98,"chisel:carpet/gray/llama":16,"minecraft:beacon":1,"minecraft:potato":144,"ftbjarmod:tempered_glass":13,"tconstruct:pickaxe_head":1,"minecraft:dirt":253,"mysticalagriculture:dirt_seeds":1,"mekanismtools:iron_paxel":1,"powah:dielectric_paste":24,"ftbsluice:crushed_netherrack":45,"minecraft:leather_boots":1,"farmersdelight:iron_knife":1,"minecraft:glass":14,"minecraft:bone":28,"ftbdripper:dripper":1,"thermal:hops_seeds":5,"powah:steel_energized":6,"ftbjarmod:auto_processing_block":1,"minecraft:bow":1,"minecraft:wheat_seeds":27,"rid:aluminum_chunk":4,"minecraft:bell":2,"ftbsluice:iron_auto_hammer":11,"trashcans:ultimate_trash_can":5,"cfm:post_box":4,"minecraft:mossy_stone_bricks":6,"minecraft:prismarine":3,"mysticalagriculture:tertium_farmland":1,"minecraft:oak_planks":18,"tconstruct:necrotic_bone":2,"thermal:bell_pepper_seeds":2,"ftbsluice:pump":2,"minecraft:music_disc_13":1,"draconicevolution:draconium_ingot":3,"cottonly:ball":39,"minecraft:poisonous_potato":10,"minecraft:sand":348,"integrateddynamics:squeezer":2,"minecraft:shulker_box":17,"mekanism:basic_control_circuit":4,"projectred-core:sapphire":1,"minecraft:diamond":4,"recycler:recycler":1,"losttrinkets:piggy":1,"simplyjetpacks:jetpack_vanilla1":1,"minecraft:bone_meal":9,"chisel:basalt/raw":160,"minecraft:oak_sapling":86,"minecraft:netherrack":32,"betterendforge:guidebook":2,"minecraft:charcoal":74,"minecraft:azure_bluet":5,"minecraft:ladder":12,"thermal:cinnabar":10,"minecraft:brown_mushroom":2,"cottonly:cotton_seeds":158,"rid:nickel_chunk":3,"minecraft:gold_block":34,"tconstruct:sword":1,"minecraft:diamond_horse_armor":1,"rid:mob_soul":51,"minecraft:chain":7,"losttrinkets:golden_swatter":1,"rid:lead_chunk":2,"losttrinkets:broken_totem":1,"thermal:iron_dust":16,"enderstorage:ender_pouch":1,"losttrinkets:serpent_tooth":1,"mcwroofs:oak_roof":66,"losttrinkets:wither_nail":2,"minecraft:mycelium":9,"rid:cobalt_chunk":1,"minecraft:andesite_stairs":1,"mysticalagriculture:gold_seeds":1,"tconstruct:earth_slime_sling":1,"snad:soul_snad":1,"thermal:rf_coil_storage_augment":1,"losttrinkets:horseshoe":1,"thermal:dynamo_magmatic":1,"chisel:futura/uber_wavy":12,"ftbsluice:gold_mesh":1,"akashictome:tome":1,"appliedenergistics2:charged_certus_quartz_crystal":1,"minecraft:polished_blackstone_bricks":5,"rid:uranium_chunk":2,"ftbsluice:iron_sluice":2,"minecraft:trident":1,"thermal:peanut_seeds":4,"chisel:futura/controller_purple":2,"minecraft:weeping_vines":5,"minecraft:arrow":51,"minecraft:nether_bricks":21,"losttrinkets:mirror_shard":1,"mysticalagriculture:nether_quartz_seeds":1,"minecraft:saddle":5,"glassential:glass_light":4,"betterendforge:jellyshroom_trapdoor":1,"theoneprobe:diamond_helmet_probe":1,"minecraft:skeleton_skull":4,"simplylight:edge_light":2,"losttrinkets:treasure_bag":1,"losttrinkets:lunch_bag":1,"minecraft:basalt":17,"minecraft:golden_carrot":96,"rid:lapis_chunk":1,"storagedrawers:upgrade_template":4,"better_diving:standard_o2_tank":2,"minecraft:cut_sandstone":8,"minecraft:leather":10,"mysticalagriculture:rubber_seeds":1,"ftbsluice:oak_sluice":1,"losttrinkets:karma":1,"minecraft:gunpowder":22,"miniutilities:experience_pearl_3x":4,"chisel:stone_bricks/pillar":5,"trashcans:energy_trash_can":2,"fluxnetworks:flux_point":4,"ftbsluice:cloth_mesh":2,"ftbjarmod:jar":3,"farmersdelight:fruit_salad":1,"minecraft:iron_ingot":9,"thermal:tomato_seeds":6,"mekanismtools:lapis_lazuli_axe":1,"storagedrawers:oak_full_drawers_1":5,"botania:cosmetic_groucho_glasses":2,"minecraft:acacia_sapling":2,"minecraft:soul_sand":17,"minecraft:music_disc_chirp":1,"minecraft:oak_slab":3,"losttrinkets:creepo":2,"minecraft:warped_fungus":3,"minecraft:pumpkin":1,"minecraft:quartz":4,"glassential:glass_dark":12,"chisel:factory/metalbox":1,"ftbjarmod:tempered_jar":5,"minecraft:dandelion":21,"mekanismtools:diamond_paxel":1,"thermal:green_bean_seeds":7,"minecraft:white_bed":1,"simplybackpacks:rarebackpack":2,"minecraft:spider_eye":2,"thermal:rice_seeds":1,"notenoughwands:capturing_wand":1,"minecraft:music_disc_mall":1,"ftblibrary:fluid_container":2,"minecraft:dried_kelp_block":4,"miniutilities:iron_spikes":5,"losttrinkets:book_o_enchanting":1,"ftbjarmod:cast_iron_nugget":6,"tconstruct:pattern":4,"minecraft:coal":104},"minecraft:broken":{"constructionwand:stone_wand":1,"minecraft:wooden_pickaxe":1,"minecraft:wooden_hoe":2}},"DataVersion":2586}