{"stats":{"minecraft:killed":{"minecraft:skeleton":1,"minecraft:zombie":1},"minecraft:dropped":{"thermal:apatite":1,"minecraft:glowstone_dust":1,"mysticalagradditions:prudentium_apple":1,"mysticalagriculture:soulium_dust":1,"ftbsluice:diamond_sluice":1,"thermal:cinnabar":1,"thermal:iron_dust":2,"minecraft:gilded_blackstone":1,"rid:iron_chunk":1},"minecraft:custom":{"minecraft:interact_with_furnace":7,"minecraft:mob_kills":2,"minecraft:interact_with_crafting_table":10,"minecraft:play_one_minute":143265,"minecraft:open_shulker_box":11,"minecraft:eat_cake_slice":2,"minecraft:time_since_death":143265,"minecraft:climb_one_cm":2048,"minecraft:time_since_rest":143265,"minecraft:sprint_one_cm":81976,"minecraft:damage_taken":194,"minecraft:walk_one_cm":266559,"minecraft:drop":10,"minecraft:damage_dealt":400,"minecraft:fly_one_cm":173359,"minecraft:open_chest":162,"minecraft:crouch_one_cm":491,"minecraft:sneak_time":1101,"minecraft:walk_under_water_one_cm":1611,"minecraft:jump":1076,"minecraft:walk_on_water_one_cm":1331,"minecraft:fall_one_cm":35975},"minecraft:crafted":{"integrateddynamics:squeezer":1,"minecraft:cooked_cod":1,"minecraft:iron_nugget":9,"minecraft:chain":1,"ftbsluice:oak_sluice":1,"minecraft:air":217,"ftbsluice:iron_sluice":1},"minecraft:used":{"mysticalagriculture:inferium_furnace":1,"minecraft:chest":4,"integrateddynamics:squeezer":1,"minecraft:cooked_cod":1,"minecraft:egg":1,"mysticalagradditions:prudentium_apple":7},"minecraft:picked_up":{"powah:uraninite_raw_dense":1,"rid:titanium_chunk":3,"industrialforegoing:laser_lens1":1,"rid:lapis_chunk":3,"simplyjetpacks:jetpack_mek1":2,"thermal:cinnabar":5,"industrialforegoing:mob_imprisonment_tool":1,"simplyjetpacks:jetpack_vanilla2":1,"minecraft:enchanted_book":1,"rid:mob_soul":1,"minecraft:gilded_blackstone":1,"mob_grinding_utils:tank":1,"minecraft:oak_log":31,"powah:energizing_rod_hardened":1,"mysticalagradditions:prudentium_paxel":1,"industrialforegoing:mob_crusher":1,"rid:lead_chunk":1,"bloodmagic:airsigil":1,"thermal:iron_dust":2,"mysticalagriculture:dirt_seeds":1,"rid:diamond_chunk":1,"mcwroofs:oak_roof":64,"bloodmagic:blankslate":1,"rid:3x_compressed_stone":1,"rid:iron_chunk":6,"rid:3x_compressed_gravel":1,"thermal:sulfur":4,"industrialforegoing:laser_lens5":2,"mysticalagriculture:inferium_essence":2,"industrialforegoing:laser_lens7":1,"rid:aluminum_chunk":1,"mysticalagriculture:soulium_dust":1,"industrialforegoing:range_addon0":1,"mekanismtools:bronze_chestplate":1,"industrialforegoing:laser_lens3":1,"enderstorage:ender_chest":2,"thermal:niter":4,"tconstruct:mattock":1,"minecraft:glowstone_dust":1,"minecraft:egg":1,"rid:copper_chunk":2,"mysticalagriculture:nature_seeds":1,"mysticalagriculture:constantan_seeds":1,"rid:tin_chunk":3,"powah:uraninite_raw":4,"rid:tin_cluster":64,"miniutilities:experience_pearl_8x":1,"thermal:apatite":7,"industrialforegoing:laser_lens6":3,"fluxnetworks:flux_plug":4,"projectred-core:ruby":5,"projectred-core:sapphire":2,"minecraft:arrow":1,"miniutilities:blessed_earth":64,"minecraft:rotten_flesh":1,"miniutilities:iron_spikes":5,"powah:uraninite_raw_poor":3,"industrialforegoing:machine_frame_advanced":3,"industrialforegoing:laser_lens4":1,"botania:travel_belt":1,"miniutilities:cursed_earth":8,"botania:skydirt_rod":1,"krate:krate_small":3,"fluxnetworks:gargantuan_flux_storage":1,"industrialforegoing:laser_lens12":1,"rid:emerald_chunk":2,"fluxnetworks:herculean_flux_storage":1,"minecraft:coal":6}},"DataVersion":2586}