{"stats":{"minecraft:mined":{"ftbstructures:small_crate":1,"ftbstructures:red_barrel":1,"minecraft:red_sand":4,"minecraft:acacia_log":10,"minecraft:grass_block":5,"tconstruct:earth_slime_tall_grass":2,"minecraft:jungle_log":2,"ftbstructures:green_barrel":28,"minecraft:spawner":3,"minecraft:tall_seagrass":4,"chisel:andesite/soft_bricks":6,"integratedterminals:menril_glass":2,"ftbstructures:golden_barrel":6,"ftbstructures:purple_barrel":11,"minecraft:kelp_plant":4,"minecraft:blue_stained_glass":1,"storagedrawers:acacia_full_drawers_1":2,"minecraft:clay":5,"ftbstructures:pulsating_crate":4,"chisel:factory/metalbox":2,"ftbstructures:black_barrel":5,"minecraft:cobblestone":2,"minecraft:oak_planks":17,"krate:krate_big":1,"minecraft:skeleton_skull":2,"minecraft:seagrass":1,"krate:krate_small":2,"ftbstructures:blue_barrel":6,"minecraft:mossy_stone_brick_wall":4,"minecraft:oak_log":78,"minecraft:sand":6,"minecraft:dirt":9,"minecraft:oak_leaves":5,"trashcans:item_trash_can":1,"minecraft:mossy_cobblestone":1,"krate:krate_basic":5,"minecraft:shulker_box":10,"minecraft:jungle_planks":4,"minecraft:kelp":36,"industrialforegoing:fluid_extractor":1,"ftbstructures:white_barrel":8,"cb_multipart:multipart":2,"minecraft:carrots":3,"chisel:marble/raw":6,"minecraft:stripped_oak_log":232,"simplylight:edge_light":6,"minecraft:stone":193,"minecraft:acacia_leaves":2,"ftbstructures:crate":11,"minecraft:crafting_table":1,"minecraft:campfire":1,"miniutilities:wooden_spikes":1,"chisel:factory/rust2":2,"thermal:eggplant_block":1,"trashcans:liquid_trash_can":1,"ftbjarmod:jar":1},"minecraft:killed":{"tconstruct:earth_slime":12,"minecraft:spider":1,"minecraft:skeleton":11,"minecraft:sheep":2,"minecraft:zombie":8,"minecraft:stray":3,"minecraft:drowned":6},"minecraft:custom":{"minecraft:interact_with_crafting_table":64,"minecraft:open_shulker_box":17,"minecraft:eat_cake_slice":2,"minecraft:leave_game":7,"minecraft:time_since_death":395212,"minecraft:sprint_one_cm":466246,"minecraft:drop":70,"minecraft:jump":1960,"minecraft:walk_on_water_one_cm":270694,"minecraft:interact_with_furnace":87,"minecraft:play_one_minute":395212,"minecraft:damage_dealt":4999,"minecraft:crouch_one_cm":8867,"minecraft:horse_one_cm":10851,"minecraft:mob_kills":40,"minecraft:interact_with_campfire":2,"minecraft:climb_one_cm":4937,"minecraft:walk_one_cm":687277,"minecraft:sneak_time":5423,"minecraft:walk_under_water_one_cm":111411,"minecraft:time_since_rest":395212,"minecraft:damage_taken":1468,"minecraft:swim_one_cm":129181,"minecraft:fly_one_cm":351931,"minecraft:open_chest":481,"minecraft:fall_one_cm":42260},"minecraft:dropped":{"akashictome:tome":1,"minecraft:porkchop":1,"ftbjarmod:cast_iron_ingot":10,"enderstorage:ender_pouch":1,"minecraft:dirt":1,"gravestone:obituary":12,"minecraft:sand":1,"ftbquests:book":1,"losttrinkets:broken_heart_1":1,"tconstruct:pickaxe":1,"minecraft:gravel":26,"botania:cosmetic_groucho_glasses":1,"better_diving:wetsuit_leggings":1,"minecraft:oak_planks":2,"minecraft:prismarine":3,"refinedstorage:silicon":32,"tconstruct:ender_slime_sapling":1,"minecraft:mossy_stone_brick_wall":5,"krate:krate_basic":1,"minecraft:iron_bars":1,"ftbsluice:iron_auto_hammer":1,"minecraft:cobblestone":1,"minecraft:apple":1,"cobblefordays:tier_1":1,"krate:krate_small":2,"minecraft:stick":3,"trashcans:energy_trash_can":1,"minecraft:torch":27,"rid:1x_compressed_cobblestone":4,"minecraft:music_disc_wait":1,"minecraft:music_disc_cat":1,"mekanismtools:diamond_paxel":1,"integrateddynamics:menril_log":4,"minecraft:clay_ball":12,"better_diving:fins":1,"losttrinkets:broken_heart_4":1,"minecraft:stone":6,"minecraft:sea_pickle":4,"ftbjarmod:tube":2,"tconstruct:earth_slime_sapling":1,"thermal:iron_dust":1},"minecraft:crafted":{"immersiveengineering:hammer":1,"minecraft:oak_planks":164,"minecraft:stone":6,"tconstruct:tool_binding":4,"ftbsluice:iron_hammer":1,"tconstruct:hand_axe":1,"trashcans:ultimate_trash_can":1,"minecraft:glass":64,"tconstruct:seared_brick":44,"minecraft:chest":3,"thermal:copper_plate":1,"tconstruct:small_axe_head":1,"tconstruct:pickaxe_head":2,"minecraft:oak_fence":39,"tconstruct:tough_handle":1,"tconstruct:small_blade":6,"minecraft:oak_slab":54,"minecraft:cooked_porkchop":1,"minecraft:crafting_table":1,"minecraft:baked_potato":113,"tconstruct:tool_handle":16,"immersiveengineering:wire_copper":3,"immersiveengineering:connector_lv":4,"minecraft:campfire":1,"cobblefordays:tier_1":1,"tconstruct:sword":5,"industrialforegoing:fluid_extractor":1,"minecraft:wooden_hoe":1,"minecraft:charcoal":65,"minecraft:stick":8,"immersiveengineering:wirecoil_copper":4,"minecraft:wooden_sword":4,"tconstruct:pickaxe":3,"krate:krate_big":1,"minecraft:iron_nugget":36,"minecraft:piston":1,"tconstruct:kama":1,"ftbjarmod:tempered_jar":1,"minecraft:terracotta":4,"immersiveengineering:wirecutter":1,"krate:krate_basic":1,"powah:dielectric_paste":24,"trashcans:liquid_trash_can":1,"industrialforegoing:machine_frame_pity":1,"minecraft:bucket":1,"ftbsluice:iron_auto_hammer":1,"minecraft:air":896,"minecraft:oak_boat":1,"storagedrawers:iron_storage_upgrade":1,"better_diving:ultra_glide_fins":1,"krate:krate_small":5},"minecraft:used":{"minecraft:chest":1,"krate:krate_basic":6,"chisel:andesite/soft_bricks":1,"thermal:eggplant_block":1,"minecraft:jungle_planks":4,"minecraft:carrot":9,"mekanismtools:diamond_paxel":551,"trashcans:liquid_trash_can":1,"minecraft:bow":4,"minecraft:oak_sapling":1,"minecraft:oak_planks":17,"industrialforegoing:fluid_extractor":2,"chisel:carpet/purple/llama":6,"minecraft:parrot_spawn_egg":1,"mekanismtools:lapis_lazuli_axe":74,"trashcans:ultimate_trash_can":2,"minecraft:sand":1,"storagedrawers:acacia_full_drawers_1":2,"industrialforegoing:material_stonework_factory":1,"ftbjarmod:jar":1,"krate:krate_big":3,"minecraft:torch":26,"minecraft:dirt":4,"minecraft:shulker_box":9,"ftbjarmod:tempered_jar":1,"cobblefordays:tier_1":1,"minecraft:golden_carrot":3,"minecraft:golden_axe":1,"tconstruct:kama":4,"immersiveengineering:cloche":4,"minecraft:baked_potato":12,"thermal:spice_cake":1,"krate:krate_small":1,"minecraft:crafting_table":1,"minecraft:campfire":1,"minecraft:oak_log":274,"miniutilities:wooden_spikes":1,"ftbjarmod:tube":9,"minecraft:wooden_hoe":1,"minecraft:apple":13,"tconstruct:seared_table":1,"cfm:fridge_dark":1,"tconstruct:part_chest":1,"cottonly:cotton_seeds":7,"minecraft:cobblestone":3,"minecraft:cooked_porkchop":2,"minecraft:bucket":6,"farmersdelight:fruit_salad":5,"minecraft:stripped_oak_log":1,"minecraft:kelp":41},"minecraft:picked_up":{"minecraft:shulker_shell":6,"losttrinkets:broken_heart_3":1,"minecraft:chainmail_boots":1,"cb_microblock:microblock":3,"rid:osmium_chunk":1,"losttrinkets:broken_heart_2":1,"tconstruct:broad_axe_head":1,"minecraft:enchanted_book":1,"chisel:iron_chisel":1,"blockcarpentry:frame_slab":1,"minecraft:music_disc_cat":3,"minecraft:string":28,"losttrinkets:luck_coin":1,"integrateddynamics:menril_log":8,"krate:krate_big":2,"rid:iron_chunk":4,"minecraft:sea_pickle":11,"mysticalagriculture:inferium_essence":10,"minecraft:red_sand":4,"cobblefordays:tier_1":1,"minecraft:bucket":1,"losttrinkets:broken_heart_1":2,"minecraft:furnace":1,"minecraft:stick":17,"minecraft:acacia_log":9,"minecraft:torch":28,"mysticalagriculture:prosperity_shard":1,"minecraft:porkchop":3,"minecraft:golden_axe":1,"rid:tin_chunk":2,"rid:1x_compressed_cobblestone":10,"losttrinkets:fire_mind":1,"miniutilities:experience_pearl_1x":1,"botania:manasteel_ingot":2,"enderstorage:ender_tank":2,"minecraft:cactus":12,"minecraft:rotten_flesh":10,"ftbsluice:dust":2,"minecraft:music_disc_ward":2,"tconstruct:drowned_head":1,"ftbjarmod:tube":20,"tconstruct:small_axe_head":2,"krate:krate_small":6,"minecraft:music_disc_wait":3,"chisel:andesite/soft_bricks":7,"minecraft:obsidian":2,"minecraft:iron_bars":4,"minecraft:cobblestone":327,"minecraft:sponge":16,"rid:1x_compressed_gravel":6,"minecraft:magma_block":2,"minecraft:jungle_log":2,"minecraft:chiseled_quartz_block":73,"chisel:carpet/gray/llama":16,"krate:krate_basic":7,"ftbjarmod:tempered_glass":7,"cfm:fridge_light":1,"trashcans:item_trash_can":2,"better_diving:diving_mask":1,"minecraft:dirt":19,"botania:mana_diamond":4,"minecraft:leather_boots":1,"minecraft:glass":13,"minecraft:bone":18,"minecraft:bow":1,"storagedrawers:shroud_key":1,"ftbquests:book":1,"trashcans:ultimate_trash_can":1,"cfm:post_box":2,"tconstruct:sky_slime_sapling":1,"minecraft:prismarine":3,"minecraft:oak_planks":17,"minecraft:cooked_porkchop":2,"cottonly:ball":19,"minecraft:jungle_planks":4,"minecraft:sand":15,"tconstruct:hammer_head":1,"minecraft:melon":2,"minecraft:shulker_box":12,"minecraft:mossy_cobblestone":1,"mekanism:basic_control_circuit":8,"minecraft:bone_meal":2,"minecraft:oak_sapling":2,"minecraft:nether_star":1,"betterendforge:guidebook":1,"rid:titanium_chunk":1,"minecraft:charcoal":2,"tconstruct:ender_slime_sapling":1,"minecraft:crafting_table":1,"minecraft:clay_ball":20,"industrialforegoing:fluid_extractor":1,"minecraft:leather_leggings":1,"minecraft:brown_mushroom":2,"cottonly:cotton_seeds":41,"rid:nickel_chunk":1,"minecraft:diamond_horse_armor":1,"tconstruct:sword":1,"rid:mob_soul":10,"gravestone:obituary":14,"thermal:iron_dust":22,"ftbsluice:wooden_hammer":1,"chisel:carpet/purple/llama":6,"better_diving:fins":2,"tconstruct:repair_kit":3,"minecraft:mycelium":6,"losttrinkets:tha_cloud":1,"rid:1x_compressed_sand":2,"thermal:flux_magnet":1,"botania:magnet_ring":1,"refinedstorage:silicon":32,"rid:copper_chunk":1,"minecraft:stone":32,"minecraft:bowl":2,"akashictome:tome":1,"tconstruct:pickaxe":1,"better_diving:wetsuit_leggings":4,"minecraft:carrot":19,"minecraft:redstone":4,"minecraft:prismarine_crystals":10,"botania:terrasteel_ingot":4,"minecraft:arrow":23,"losttrinkets:mirror_shard":1,"ftbsluice:sluice_fortune_upgrade":2,"minecraft:gold_ingot":15,"minecraft:saddle":2,"rid:gold_chunk":1,"tconstruct:earth_slime_sapling":1,"minecraft:mutton":2,"minecraft:skeleton_skull":3,"minecraft:white_wool":82,"simplylight:edge_light":8,"minecraft:stripped_oak_log":232,"losttrinkets:treasure_bag":3,"losttrinkets:lunch_bag":1,"minecraft:basalt":1,"minecraft:golden_carrot":4,"better_diving:standard_o2_tank":1,"storagedrawers:upgrade_template":8,"chisel:stone_bricks/ornate":1,"minecraft:oak_log":149,"immersiveengineering:floodlight":2,"minecraft:lily_pad":4,"minecraft:ancient_debris":4,"losttrinkets:karma":1,"minecraft:gunpowder":2,"rid:redstone_chunk":1,"trashcans:liquid_trash_can":3,"trashcans:energy_trash_can":3,"storagedrawers:acacia_full_drawers_1":2,"ftbjarmod:jar":1,"minecraft:apple":7,"minecraft:kelp":47,"mysticalagriculture:mystical_fertilizer":4,"farmersdelight:fruit_salad":6,"minecraft:iron_ingot":7,"miniutilities:experience_pearl_2x":5,"minecraft:mossy_stone_brick_wall":5,"chisel:factory/rust2":1,"losttrinkets:starfish":1,"botania:cosmetic_groucho_glasses":3,"minecraft:acacia_sapling":2,"minecraft:music_disc_chirp":1,"mysticalagriculture:iron_essence":2,"glassential:glass_dark":4,"chisel:factory/metalbox":3,"chisel:marble/raw":6,"minecraft:quartz":4,"minecraft:gravel":128,"losttrinkets:ruby_heart":1,"mekanismtools:diamond_paxel":1,"ftbsluice:sluice_consumption_upgrade":2,"thermal:eggplant_block":3,"obsidianboat:obsidianboat":1,"thermal:spice_cake":1,"minecraft:crying_obsidian":24,"minecraft:slime_ball":9,"bloodmagic:reinforcedslate":1,"miniutilities:iron_spikes":1,"industrialforegoing:laser_lens0":1,"mysticalagriculture:rubber_essence":1,"cfm:fridge_dark":4,"losttrinkets:broken_heart_4":2,"tconstruct:pattern":4,"minecraft:baked_potato":4,"minecraft:acacia_slab":5},"minecraft:broken":{"minecraft:golden_axe":1,"minecraft:wooden_hoe":1}},"DataVersion":2586}