{"stats":{"minecraft:mined":{"minecraft:farmland":36,"ftbsluice:iron_sluice":2,"ftbstructures:small_crate":1,"ftbstructures:red_barrel":6,"minecraft:andesite_stairs":1,"ftbsluice:dust":1,"minecraft:grass_block":45,"krate:krate_large":2,"chisel:marble/weaver":5,"mysticalagriculture:inferium_farmland":1,"chisel:factory/rustplates":6,"tconstruct:part_chest":1,"minecraft:composter":1,"ftbsluice:pump":1,"ftbstructures:green_barrel":19,"minecraft:hopper":4,"minecraft:oak_wall_sign":2,"minecraft:oxeye_daisy":12,"minecraft:spawner":18,"minecraft:weeping_vines_plant":4,"cobblefordays:tier_1":7,"minecraft:tall_seagrass":2,"minecraft:magma_block":14,"chisel:andesite/soft_bricks":6,"minecraft:fire":2,"mcwroofs:oak_roof":1,"integratedterminals:menril_glass":1,"minecraft:azure_bluet":5,"minecraft:twisting_vines":1,"ftbdripper:dripper":1,"minecraft:iron_bars":1,"minecraft:oak_stairs":6,"ftbstructures:golden_barrel":9,"mcwdoors:metal_warning_door":1,"trashcans:ultimate_trash_can":3,"tconstruct:sky_slime_dirt":1,"ftbstructures:purple_barrel":17,"minecraft:cut_sandstone":13,"minecraft:twisting_vines_plant":1,"chisel:glowstone/extra/bismuth":10,"minecraft:kelp_plant":62,"minecraft:blue_stained_glass":1,"mysticalagriculture:inferium_crop":4,"minecraft:clay":40,"chisel:stone_bricks/ornate":4,"minecraft:torch":18,"ftbstructures:pulsating_crate":7,"chisel:marble/cracked":1,"chisel:factory/metalbox":1,"minecraft:poppy":5,"minecraft:chest":17,"ftbstructures:black_barrel":7,"minecraft:glass":3,"minecraft:cobblestone":135,"minecraft:oak_planks":2,"krate:krate_big":1,"minecraft:wall_torch":4,"minecraft:skeleton_skull":1,"minecraft:seagrass":2,"krate:krate_small":3,"ftbstructures:blue_barrel":5,"minecraft:mossy_stone_brick_wall":1,"chisel:carpet/purple/llama":6,"rid:2x_compressed_sand":8,"farmersdelight:cutting_board":1,"minecraft:wheat":1,"minecraft:grass":284,"minecraft:oak_log":359,"minecraft:sand":183,"minecraft:dirt":60,"minecraft:dispenser":1,"minecraft:oak_leaves":25,"mysticalagriculture:iron_crop":1,"mysticalagriculture:gold_crop":1,"minecraft:oak_door":3,"krate:krate_basic":1,"minecraft:sea_lantern":23,"minecraft:shulker_box":17,"minecraft:ladder":15,"minecraft:polished_andesite_slab":1,"minecraft:kelp":144,"cottonly:cotton_plant":24,"ftbstructures:white_barrel":7,"minecraft:carrots":1,"minecraft:furnace":9,"chisel:futura/uber_wavy":13,"botanypots:hopper_botany_pot":3,"simplylight:wall_lamp":3,"minecraft:gold_block":26,"industrialforegoing:material_stonework_factory":2,"mysticalagriculture:prudentium_growth_accelerator":2,"minecraft:potatoes":1,"minecraft:stripped_oak_log":58,"simplylight:edge_light":2,"betterendforge:jellyshroom_trapdoor":3,"mysticalagriculture:rubber_crop":1,"recycler:recycler":1,"minecraft:stone":48,"tconstruct:earth_congealed_slime":79,"mysticalagriculture:inferium_furnace":2,"ftbsluice:iron_auto_hammer":7,"minecraft:oak_slab":2,"chisel:basalt/raw":157,"minecraft:soul_sand":1,"ftbstructures:crate":29,"minecraft:dandelion":20,"pipez:item_pipe":16,"minecraft:cornflower":10,"minecraft:tall_grass":34,"chisel:glowstone/extra/tiles_large_bismuth":1,"chisel:factory/rust2":10,"ftbsluice:oak_sluice":1,"minecraft:grass_path":5,"minecraft:mycelium":1,"minecraft:gravel":16,"minecraft:lodestone":12,"mysticalagriculture:prudentium_furnace":1,"blockcarpentry:frame_slab":5,"cfm:fridge_dark":1,"minecraft:mossy_stone_bricks":3,"tconstruct:sky_congealed_slime":62},"minecraft:killed":{"tconstruct:earth_slime":1,"minecraft:spider":3,"minecraft:skeleton":13,"minecraft:guardian":5,"minecraft:pig":1,"minecraft:creeper":10,"minecraft:sheep":1,"minecraft:zombie":14,"minecraft:stray":3,"minecraft:blaze":13,"thermal:basalz":1,"minecraft:horse":2,"minecraft:llama":2,"minecraft:drowned":11},"minecraft:custom":{"minecraft:interact_with_crafting_table":141,"minecraft:open_shulker_box":84,"minecraft:leave_game":4,"minecraft:time_since_death":565626,"minecraft:damage_resisted":32,"minecraft:sprint_one_cm":209820,"minecraft:drop":159,"minecraft:jump":1385,"minecraft:walk_on_water_one_cm":253157,"minecraft:interact_with_furnace":127,"minecraft:play_one_minute":565626,"minecraft:damage_dealt":14838,"minecraft:crouch_one_cm":7565,"minecraft:horse_one_cm":2079,"minecraft:mob_kills":93,"minecraft:inspect_hopper":10,"minecraft:climb_one_cm":73355,"minecraft:walk_one_cm":1406228,"minecraft:sneak_time":9474,"minecraft:walk_under_water_one_cm":251994,"minecraft:boat_one_cm":49275,"minecraft:time_since_rest":565626,"minecraft:damage_taken":3600,"minecraft:use_wand":131,"minecraft:swim_one_cm":369427,"minecraft:fly_one_cm":161503,"minecraft:open_chest":809,"minecraft:fall_one_cm":15250},"minecraft:dropped":{"akashictome:tome":1,"mysticalagriculture:iron_essence":2,"tconstruct:sky_slime_dirt":1,"simplylight:edge_light":2,"minecraft:baked_potato":4,"mcwdoors:metal_warning_door":1,"minecraft:saddle":1,"ftbjarmod:cast_iron_ingot":2,"chisel:andesite/soft_bricks":10,"minecraft:leather_helmet":2,"tconstruct:sword":2,"minecraft:cod":2,"minecraft:dirt":2,"integrateddynamics:menril_planks":8,"chisel:marble/cracked":2,"theoneprobe:diamond_helmet_probe":2,"minecraft:cut_sandstone":8,"tconstruct:repair_kit":7,"tconstruct:small_axe_head":2,"minecraft:chain":6,"gravestone:obituary":7,"minecraft:sand":267,"ftbquests:book":1,"minecraft:music_disc_blocks":1,"tconstruct:pickaxe":3,"minecraft:oak_door":1,"minecraft:gravel":2,"minecraft:lever":1,"tconstruct:tough_handle":2,"minecraft:golden_chestplate":1,"better_diving:wetsuit_leggings":1,"cottonly:cotton_seeds":20,"tconstruct:cleaver":1,"minecraft:rotten_flesh":3,"minecraft:prismarine":3,"minecraft:golden_shovel":2,"chisel:basalt/raw":96,"better_diving:standard_o2_tank":2,"minecraft:leather_chestplate":1,"blockcarpentry:frame_slab":7,"krate:krate_big":1,"krate:krate_basic":1,"mysticalagriculture:inferium_essence":1,"obsidianboat:obsidianboat":1,"immersiveengineering:seed":1,"tconstruct:pickaxe_head":1,"minecraft:iron_ingot":11,"bloodmagic:incensealtar":1,"storagedrawers:shroud_key":1,"minecraft:prismarine_shard":2,"minecraft:cobblestone":432,"ftbdripper:dripper":1,"betterendforge:jellyshroom_trapdoor":1,"chisel:marble/weaver":4,"minecraft:stick":2,"tconstruct:hand_axe":2,"minecraft:golden_carrot":4,"rid:1x_compressed_cobblestone":13,"minecraft:music_disc_ward":1,"mysticalagriculture:rubber_essence":1,"krate:krate_large":1,"miniutilities:wooden_spikes":1,"mysticalagradditions:inferium_paxel":1,"minecraft:redstone":20,"ftbsluice:dust":43,"minecraft:furnace":1,"minecraft:kelp":2,"minecraft:chiseled_quartz_block":12,"chisel:factory/metalbox":1,"chisel:factory/rust2":4,"miniutilities:experience_pearl_2x":5,"minecraft:shulker_box":2,"better_diving:fins":2,"ftbsluice:stone_hammer":1,"minecraft:sea_pickle":7,"chisel:factory/rustplates":2,"tconstruct:mattock":1,"tconstruct:drowned_head":1,"minecraft:mossy_stone_bricks":6,"minecraft:oak_sapling":2,"minecraft:andesite_stairs":1,"thermal:iron_dust":22,"cottonly:ball":3,"chisel:stone_bricks/ornate":1},"minecraft:crafted":{"minecraft:brick":15,"minecraft:farmland":6,"pipez:wrench":1,"minecraft:oak_planks":60,"immersiveengineering:hammer":1,"ftbsluice:cloth_mesh":1,"rid:titanium_cluster":2,"pipez:item_pipe":16,"minecraft:sand":270,"ftbsluice:oak_sluice":1,"better_diving:wetsuit_leggings":1,"minecraft:stone":13,"tconstruct:tool_binding":3,"minecraft:iron_bars":16,"ftbsluice:iron_hammer":3,"tconstruct:hand_axe":1,"minecraft:hopper":5,"thermal:iron_dust":1,"ftbsluice:gold_mesh":1,"ftbsluice:stone_hammer":1,"krate:krate_large":2,"tconstruct:seared_brick":20,"mysticalagriculture:tertium_essence":7,"minecraft:chest":6,"tconstruct:small_axe_head":2,"better_diving:titanium_ingot":9,"recycler:recycler":1,"tconstruct:pickaxe_head":2,"better_diving:diving_mask":1,"minecraft:flower_pot":2,"tconstruct:small_blade":2,"minecraft:dropper":2,"better_diving:standard_o2_tank":1,"minecraft:red_wool":2,"minecraft:baked_potato":36,"tconstruct:tool_handle":6,"cottonly:cotton_socks":1,"tconstruct:sword":1,"minecraft:string":4,"minecraft:wooden_hoe":7,"better_diving:fiber_mesh":6,"constructionwand:stone_wand":1,"minecraft:iron_ingot":56,"minecraft:iron_block":3,"rid:redstone_cluster":2,"mysticalagriculture:prudentium_gemstone":1,"mysticalagriculture:prudentium_growth_accelerator":3,"mysticalagriculture:infusion_crystal":1,"minecraft:composter":1,"mysticalagriculture:imperium_essence":1,"tconstruct:pickaxe":1,"minecraft:oak_door":3,"tconstruct:pattern":18,"krate:krate_big":3,"better_diving:fins":1,"tconstruct:part_builder":1,"mysticalagriculture:tertium_farmland":3,"minecraft:iron_nugget":18,"mysticalagriculture:inferium_farmland":3,"mysticalagriculture:infusion_pedestal":1,"tconstruct:repair_kit":9,"tconstruct:kama":1,"tconstruct:tinker_station":1,"minecraft:terracotta":25,"krate:krate_basic":6,"ftbsluice:clay_bucket":3,"mysticalagriculture:prudentium_essence":17,"mysticalagriculture:inferium_seeds":1,"minecraft:red_carpet":6,"ftbsluice:iron_auto_hammer":3,"minecraft:air":3973,"mysticalagriculture:prosperity_gemstone":1,"mysticalagriculture:prudentium_farmland":2,"botanypots:hopper_botany_pot":5,"ftbsluice:diamond_mesh":1,"mysticalagriculture:infusion_altar":1,"better_diving:ultra_glide_fins":1,"minecraft:stonecutter":1,"ftbsluice:pump":2,"krate:krate_small":24,"minecraft:clay":5,"tconstruct:mattock":2},"minecraft:used":{"minecraft:ladder":90,"minecraft:oak_sign":2,"minecraft:chest":37,"minecraft:farmland":1,"chisel:stone_bricks/ornate":1,"minecraft:carrot":6,"mekanismtools:diamond_paxel":797,"mysticalagriculture:inferium_seeds":6,"ftbsluice:stone_hammer":189,"mysticalagriculture:prudentium_furnace":2,"chisel:factory/rust2":6,"mysticalagriculture:prudentium_growth_accelerator":3,"minecraft:magma_block":4,"pipez:item_pipe":28,"minecraft:oak_sapling":112,"ftbsluice:clay_bucket":63,"minecraft:oak_planks":16,"minecraft:wooden_pickaxe":1,"mysticalagriculture:inferium_farmland":1,"minecraft:composter":1,"recycler:recycler":2,"trashcans:ultimate_trash_can":2,"elevatorid:elevator_white":1,"minecraft:sand":165,"industrialforegoing:material_stonework_factory":1,"mysticalagradditions:inferium_paxel":1,"ftbsluice:iron_auto_hammer":11,"minecraft:gravel":16,"ftbsluice:iron_sluice":2,"tconstruct:mattock":2,"obsidianboat:obsidianboat":1,"minecraft:bone_meal":15,"krate:krate_big":1,"ftbsluice:dust":1,"minecraft:mycelium":1,"minecraft:oak_door":6,"minecraft:torch":45,"minecraft:dirt":101,"minecraft:hopper":5,"mysticalagriculture:gold_seeds":1,"minecraft:shulker_box":18,"mysticalagriculture:prudentium_farmland":1,"krate:krate_large":3,"mcwroofs:oak_roof":1,"minecraft:oak_stairs":6,"tconstruct:tinker_station":1,"cobblefordays:tier_1":7,"minecraft:golden_carrot":27,"ftbsluice:pump":2,"minecraft:enchanted_golden_apple":1,"tconstruct:part_builder":1,"tconstruct:kama":14,"minecraft:wheat_seeds":5,"minecraft:baked_potato":16,"mysticalagriculture:inferium_furnace":2,"rid:2x_compressed_sand":8,"krate:krate_small":3,"minecraft:oak_slab":39,"minecraft:crafting_table":2,"botanypots:hopper_botany_pot":8,"constructionwand:stone_wand":17,"minecraft:oak_log":58,"minecraft:wooden_hoe":2,"minecraft:apple":20,"minecraft:oxeye_daisy":1,"tconstruct:part_chest":1,"dimpaintings:nether_painting":4,"cottonly:cotton_seeds":25,"minecraft:cobblestone":553,"chisel:futura/uber_wavy":1,"rid:1x_compressed_sand":3,"ftbsluice:oak_sluice":2,"minecraft:bucket":1,"minecraft:kelp":32},"minecraft:picked_up":{"minecraft:shulker_shell":6,"powah:uraninite_raw_dense":2,"industrialforegoing:laser_lens1":3,"industrialforegoing:laser_lens2":2,"minecraft:chainmail_boots":2,"minecraft:prismarine_shard":11,"minecraft:lead":3,"farmersdelight:rice_panicle":9,"mysticalagriculture:iron_seeds":3,"minecraft:oak_stairs":6,"mysticalagriculture:prudentium_growth_accelerator":2,"minecraft:wither_rose":1,"minecraft:enchanted_book":2,"chisel:iron_chisel":1,"simplylight:wall_lamp":3,"blockcarpentry:frame_slab":7,"farmersdelight:cutting_board":1,"minecraft:music_disc_cat":1,"minecraft:string":7,"krate:krate_big":1,"thermal:barley_seeds":3,"tconstruct:hand_axe":1,"thermal:coffee_seeds":2,"rid:iron_chunk":24,"botania:manasteel_chestplate":1,"industrialforegoing:laser_lens5":1,"thermal:sulfur":7,"minecraft:sea_pickle":14,"mysticalagriculture:inferium_essence":52,"cobblefordays:tier_1":7,"industrialforegoing:laser_lens7":1,"minecraft:bucket":1,"industrialforegoing:laser_lens3":1,"minecraft:cobblestone_slab":51,"losttrinkets:broken_heart_1":2,"losttrinkets:broken_heart_5":1,"minecraft:enchanted_golden_apple":2,"thermal:spinach_seeds":3,"farmersdelight:cabbage_seeds":3,"minecraft:furnace":9,"minecraft:stick":94,"minecraft:music_disc_blocks":2,"minecraft:composter":1,"losttrinkets:miners_pick":1,"thermal:sadiroot_seeds":5,"minecraft:torch":58,"minecraft:farmland":3,"tconstruct:tough_handle":2,"minecraft:porkchop":1,"rid:tin_chunk":4,"mysticalagriculture:inferium_seeds":11,"minecraft:music_disc_pigstep":1,"minecraft:vine":3,"mcwdoors:metal_warning_door":1,"thermal:flax_seeds":3,"minecraft:golden_chestplate":5,"rid:1x_compressed_cobblestone":20,"losttrinkets:fire_mind":1,"thermal:apatite":12,"storagedrawers:emerald_storage_upgrade":1,"enderstorage:ender_tank":2,"minecraft:cactus":18,"minecraft:rotten_flesh":22,"thermal:corn_seeds":4,"immersiveengineering:shader_bag_common":1,"ftbsluice:dust":164,"minecraft:polished_basalt":1,"mysticalagriculture:prudentium_farmland":1,"minecraft:music_disc_ward":2,"tconstruct:drowned_head":1,"farmersdelight:rope":2,"tconstruct:small_axe_head":2,"thermal:radish_seeds":6,"powah:battery_starter":1,"krate:krate_small":5,"minecraft:blaze_rod":7,"minecraft:leather_horse_armor":2,"minecraft:music_disc_wait":2,"chisel:andesite/soft_bricks":10,"minecraft:obsidian":4,"minecraft:cod":2,"minecraft:cobblestone":415,"minecraft:nautilus_shell":2,"minecraft:sponge":40,"thermal:strawberry_block":1,"rid:1x_compressed_gravel":10,"minecraft:magma_block":12,"minecraft:leather_chestplate":3,"farmersdelight:rice":3,"minecraft:water_bucket":2,"krate:krate_basic":1,"minecraft:beacon":1,"minecraft:chiseled_quartz_block":79,"chisel:carpet/gray/llama":16,"minecraft:potato":144,"minecraft:flint":10,"ftbsluice:clay_bucket":1,"tconstruct:pickaxe_head":1,"losttrinkets:sticky_mind":1,"trashcans:item_trash_can":1,"cfm:fridge_light":4,"minecraft:dirt":160,"fluxnetworks:flux_core":4,"farmersdelight:iron_knife":1,"powah:dielectric_paste":24,"mekanismtools:iron_paxel":1,"mcwroofs:birch_top_roof":64,"ftbdripper:dripper":1,"minecraft:twisting_vines":2,"minecraft:leather_boots":1,"minecraft:glass":14,"minecraft:bone":24,"thermal:hops_seeds":5,"mysticalagriculture:inferium_furnace":2,"storagedrawers:shroud_key":1,"mysticalagriculture:prudentium_shovel":1,"minecraft:wheat_seeds":9,"appliedenergistics2:certus_quartz_crystal":3,"rid:aluminum_chunk":4,"projectred-illumination:white_fixture_light":6,"ftbquests:book":2,"minecraft:bell":2,"krate:krate_large":2,"ftbsluice:iron_auto_hammer":8,"trashcans:ultimate_trash_can":4,"industrialforegoing:range_addon0":1,"cfm:post_box":2,"minecraft:mossy_stone_bricks":6,"minecraft:glowstone_dust":49,"minecraft:prismarine":3,"mysticalagriculture:tertium_farmland":1,"minecraft:oak_planks":17,"ftbsluice:iron_hammer":1,"thermal:bell_pepper_seeds":2,"ftbsluice:pump":1,"minecraft:music_disc_13":1,"patchouli:guide_book":1,"draconicevolution:draconium_ingot":3,"cottonly:ball":39,"minecraft:poisonous_potato":10,"minecraft:sand":345,"rid:fluorite_chunk":3,"minecraft:ink_sac":1,"thermal:onion_seeds":3,"minecraft:shulker_box":17,"mekanism:basic_control_circuit":4,"losttrinkets:warm_void":2,"projectred-core:sapphire":1,"minecraft:dispenser":1,"recycler:recycler":1,"minecraft:diamond":4,"minecraft:lever":1,"losttrinkets:piggy":1,"simplyjetpacks:jetpack_vanilla1":1,"thermal:eggplant_seeds":3,"minecraft:bone_meal":9,"mysticalagriculture:prudentium_furnace":1,"chisel:basalt/raw":160,"minecraft:oak_sapling":86,"minecraft:netherrack":32,"betterendforge:guidebook":1,"minecraft:charcoal":72,"minecraft:crafting_table":1,"tconstruct:ender_slime_sapling":1,"minecraft:azure_bluet":5,"botania:life_essence":2,"minecraft:ladder":12,"minecraft:clay_ball":286,"minecraft:leather_leggings":1,"minecraft:brown_mushroom":2,"thermal:cinnabar":10,"cottonly:cotton_seeds":158,"tconstruct:sword":1,"chisel:factory/rustplates":2,"rid:nickel_chunk":3,"minecraft:gold_block":26,"losttrinkets:slingshot":1,"rid:mob_soul":43,"minecraft:diamond_horse_armor":1,"gravestone:obituary":7,"minecraft:chain":7,"rid:lead_chunk":2,"losttrinkets:broken_totem":1,"thermal:iron_dust":12,"minecraft:cornflower":10,"enderstorage:ender_pouch":1,"losttrinkets:serpent_tooth":1,"minecraft:red_bed":1,"chisel:carpet/purple/llama":18,"better_diving:fins":3,"mcwroofs:oak_roof":66,"losttrinkets:wither_nail":2,"minecraft:mycelium":9,"minecraft:andesite_stairs":1,"mysticalagriculture:gold_seeds":1,"thermal:niter":13,"tconstruct:earth_slime_sling":1,"minecraft:poppy":5,"rid:1x_compressed_sand":4,"minecraft:chest":17,"thermal:rf_coil_storage_augment":1,"rid:copper_chunk":23,"losttrinkets:turtle_shell":1,"losttrinkets:horseshoe":1,"chisel:futura/uber_wavy":12,"minecraft:stone":48,"minecraft:oak_door":2,"ftbsluice:gold_mesh":1,"pipez:item_pipe":16,"akashictome:tome":1,"tconstruct:pickaxe":2,"better_diving:wetsuit_leggings":3,"appliedenergistics2:charged_certus_quartz_crystal":1,"miniutilities:wooden_spikes":1,"rid:uranium_chunk":2,"appliedenergistics2:sky_dust":1,"farmersdelight:tomato_seeds":1,"tconstruct:sky_slime_dirt":1,"ftbsluice:iron_sluice":2,"rid:silver_chunk":3,"minecraft:trident":1,"minecraft:carrot":73,"mysticalagriculture:inferium_farmland":2,"minecraft:prismarine_crystals":59,"thermal:peanut_seeds":4,"minecraft:weeping_vines":5,"tconstruct:sky_slime_ball":248,"minecraft:arrow":41,"chisel:marble/cracked":2,"losttrinkets:mirror_shard":1,"ftbsluice:sluice_fortune_upgrade":2,"rid:gold_chunk":4,"minecraft:saddle":5,"minecraft:gold_ingot":30,"betterendforge:jellyshroom_trapdoor":1,"tconstruct:part_chest":4,"theoneprobe:diamond_helmet_probe":1,"tconstruct:earth_slime_sapling":1,"minecraft:mutton":3,"minecraft:white_wool":5,"rid:2x_compressed_sand":8,"minecraft:skeleton_skull":4,"minecraft:oxeye_daisy":12,"simplylight:edge_light":2,"minecraft:stripped_oak_log":58,"losttrinkets:lunch_bag":1,"losttrinkets:treasure_bag":1,"mysticalagriculture:fertilized_essence":2,"minecraft:golden_carrot":64,"minecraft:cut_sandstone":8,"better_diving:standard_o2_tank":2,"storagedrawers:upgrade_template":4,"minecraft:leather":10,"chisel:marble/weaver":4,"mysticalagriculture:rubber_seeds":1,"ftbsluice:oak_sluice":1,"minecraft:oak_log":398,"minecraft:ancient_debris":8,"minecraft:lily_pad":10,"chisel:stone_bricks/ornate":2,"losttrinkets:karma":1,"minecraft:gunpowder":19,"rid:redstone_chunk":7,"miniutilities:experience_pearl_3x":4,"botanypots:hopper_botany_pot":3,"chisel:stone_bricks/pillar":5,"trashcans:energy_trash_can":2,"fluxnetworks:flux_point":4,"ftbsluice:cloth_mesh":2,"minecraft:apple":21,"minecraft:kelp":228,"farmersdelight:fruit_salad":1,"minecraft:music_disc_far":1,"thermal:tea_seeds":4,"minecraft:iron_ingot":9,"thermal:tomato_seeds":6,"mekanismtools:lapis_lazuli_axe":1,"chisel:factory/rust2":10,"storagedrawers:oak_full_drawers_1":2,"losttrinkets:starfish":1,"botania:cosmetic_groucho_glasses":2,"minecraft:acacia_sapling":2,"minecraft:soul_sand":1,"minecraft:music_disc_chirp":1,"industrialforegoing:material_stonework_factory":2,"minecraft:oak_slab":3,"losttrinkets:creepo":2,"mysticalagriculture:iron_essence":13,"botania:manasteel_helmet":1,"glassential:glass_dark":12,"thermal:strawberry_seeds":3,"chisel:factory/metalbox":1,"minecraft:dandelion":20,"minecraft:gravel":800,"thermal:frost_melon_seeds":3,"mekanismtools:diamond_paxel":1,"ftbsluice:sluice_consumption_upgrade":2,"minecraft:crying_obsidian":16,"obsidianboat:obsidianboat":2,"thermal:green_bean_seeds":7,"minecraft:white_bed":1,"minecraft:spruce_log":32,"simplybackpacks:rarebackpack":2,"minecraft:spider_eye":2,"minecraft:leather_helmet":2,"thermal:rice_seeds":1,"notenoughwands:capturing_wand":1,"dimpaintings:nether_painting":2,"minecraft:music_disc_mall":1,"minecraft:slime_ball":334,"immersiveengineering:seed":9,"miniutilities:iron_spikes":5,"losttrinkets:book_o_enchanting":1,"ftbjarmod:cast_iron_nugget":6,"mysticalagriculture:rubber_essence":2,"cfm:fridge_dark":3,"losttrinkets:broken_heart_4":1,"minecraft:lodestone":11,"tconstruct:pattern":4,"minecraft:warped_nylium":2,"minecraft:crimson_nylium":2,"minecraft:coal":104,"minecraft:hopper":4,"losttrinkets:broken_heart_3":1},"minecraft:broken":{"constructionwand:stone_wand":1,"minecraft:wooden_pickaxe":1,"minecraft:wooden_hoe":2}},"DataVersion":2586}