{"stats":{"minecraft:mined":{"trashcans:item_trash_can":1,"ftbstructures:small_crate":1,"ftbstructures:red_barrel":1,"minecraft:mossy_cobblestone":1,"krate:krate_basic":4,"minecraft:shulker_box":10,"minecraft:acacia_log":10,"tconstruct:earth_slime_tall_grass":2,"minecraft:red_sand":4,"minecraft:grass_block":5,"minecraft:jungle_planks":4,"minecraft:jungle_log":2,"ftbstructures:green_barrel":28,"minecraft:spawner":3,"minecraft:tall_seagrass":4,"ftbstructures:white_barrel":8,"cb_multipart:multipart":2,"minecraft:carrots":3,"chisel:andesite/soft_bricks":6,"chisel:marble/raw":6,"integratedterminals:menril_glass":2,"minecraft:stripped_oak_log":31,"ftbstructures:golden_barrel":6,"simplylight:edge_light":6,"minecraft:stone":193,"ftbstructures:purple_barrel":11,"minecraft:acacia_leaves":2,"minecraft:kelp_plant":1,"storagedrawers:acacia_full_drawers_1":2,"minecraft:blue_stained_glass":1,"ftbstructures:crate":11,"minecraft:clay":5,"minecraft:crafting_table":1,"ftbstructures:pulsating_crate":4,"chisel:factory/metalbox":2,"miniutilities:wooden_spikes":1,"ftbstructures:black_barrel":5,"minecraft:cobblestone":2,"minecraft:oak_planks":17,"krate:krate_big":1,"chisel:factory/rust2":2,"minecraft:seagrass":1,"minecraft:skeleton_skull":2,"ftbstructures:blue_barrel":6,"minecraft:mossy_stone_brick_wall":4,"thermal:eggplant_block":1,"minecraft:oak_log":38,"trashcans:liquid_trash_can":1,"minecraft:sand":6,"minecraft:dirt":9,"ftbjarmod:jar":1,"minecraft:oak_leaves":5},"minecraft:killed":{"tconstruct:earth_slime":12,"minecraft:spider":1,"minecraft:skeleton":9,"minecraft:drowned":6,"minecraft:sheep":2,"minecraft:zombie":8,"minecraft:stray":3},"minecraft:dropped":{"minecraft:porkchop":1,"minecraft:cobblestone":1,"minecraft:apple":1,"ftbjarmod:cast_iron_ingot":10,"cobblefordays:tier_1":1,"enderstorage:ender_pouch":1,"minecraft:stick":3,"trashcans:energy_trash_can":1,"minecraft:dirt":1,"minecraft:torch":27,"rid:1x_compressed_cobblestone":4,"gravestone:obituary":12,"minecraft:sand":1,"minecraft:music_disc_wait":1,"ftbquests:book":1,"minecraft:music_disc_cat":1,"losttrinkets:broken_heart_1":1,"minecraft:gravel":26,"tconstruct:pickaxe":1,"mekanismtools:diamond_paxel":1,"botania:cosmetic_groucho_glasses":1,"better_diving:wetsuit_leggings":1,"integrateddynamics:menril_log":4,"minecraft:oak_planks":2,"minecraft:clay_ball":12,"minecraft:prismarine":3,"better_diving:fins":1,"losttrinkets:broken_heart_4":1,"refinedstorage:silicon":32,"tconstruct:ender_slime_sapling":1,"minecraft:stone":6,"ftbjarmod:tube":2,"minecraft:sea_pickle":4,"minecraft:mossy_stone_brick_wall":5,"krate:krate_basic":1,"tconstruct:earth_slime_sapling":1,"thermal:iron_dust":1,"minecraft:iron_bars":1},"minecraft:custom":{"minecraft:mob_kills":38,"minecraft:interact_with_crafting_table":29,"minecraft:open_shulker_box":13,"minecraft:interact_with_campfire":2,"minecraft:eat_cake_slice":1,"minecraft:leave_game":6,"minecraft:time_since_death":307210,"minecraft:climb_one_cm":4937,"minecraft:sprint_one_cm":377274,"minecraft:walk_one_cm":543255,"minecraft:drop":66,"minecraft:sneak_time":5181,"minecraft:walk_under_water_one_cm":105962,"minecraft:jump":1684,"minecraft:walk_on_water_one_cm":267715,"minecraft:interact_with_furnace":70,"minecraft:play_one_minute":307210,"minecraft:time_since_rest":307210,"minecraft:damage_taken":1448,"minecraft:damage_dealt":4889,"minecraft:swim_one_cm":126605,"minecraft:fly_one_cm":299351,"minecraft:open_chest":313,"minecraft:crouch_one_cm":8166,"minecraft:fall_one_cm":37862,"minecraft:horse_one_cm":10851},"minecraft:crafted":{"minecraft:wooden_sword":4,"tconstruct:pickaxe":3,"minecraft:oak_planks":28,"krate:krate_big":1,"minecraft:iron_nugget":9,"tconstruct:kama":1,"minecraft:stone":6,"ftbjarmod:tempered_jar":1,"tconstruct:tool_binding":4,"tconstruct:hand_axe":1,"trashcans:ultimate_trash_can":1,"krate:krate_basic":1,"tconstruct:seared_brick":44,"minecraft:chest":3,"tconstruct:small_axe_head":1,"tconstruct:pickaxe_head":2,"tconstruct:tough_handle":1,"powah:dielectric_paste":24,"tconstruct:small_blade":6,"minecraft:cooked_porkchop":1,"trashcans:liquid_trash_can":1,"minecraft:crafting_table":1,"minecraft:baked_potato":113,"tconstruct:tool_handle":16,"minecraft:bucket":1,"minecraft:air":665,"cobblefordays:tier_1":1,"tconstruct:sword":5,"minecraft:oak_boat":1,"storagedrawers:iron_storage_upgrade":1,"minecraft:wooden_hoe":1,"minecraft:charcoal":65,"minecraft:stick":8,"better_diving:ultra_glide_fins":1,"krate:krate_small":5},"minecraft:used":{"krate:krate_big":3,"minecraft:chest":1,"chisel:andesite/soft_bricks":1,"krate:krate_basic":6,"minecraft:torch":26,"minecraft:dirt":4,"thermal:eggplant_block":1,"minecraft:jungle_planks":4,"minecraft:carrot":9,"minecraft:shulker_box":9,"ftbjarmod:tempered_jar":1,"mekanismtools:diamond_paxel":101,"minecraft:bow":4,"cobblefordays:tier_1":1,"trashcans:liquid_trash_can":1,"minecraft:golden_carrot":3,"minecraft:oak_sapling":1,"tconstruct:kama":4,"minecraft:golden_axe":1,"immersiveengineering:cloche":4,"chisel:carpet/purple/llama":6,"minecraft:baked_potato":10,"minecraft:oak_planks":17,"minecraft:parrot_spawn_egg":1,"thermal:spice_cake":1,"trashcans:ultimate_trash_can":2,"mekanismtools:lapis_lazuli_axe":74,"minecraft:sand":1,"minecraft:crafting_table":1,"storagedrawers:acacia_full_drawers_1":2,"ftbjarmod:tube":9,"industrialforegoing:material_stonework_factory":1,"minecraft:oak_log":33,"miniutilities:wooden_spikes":1,"minecraft:wooden_hoe":1,"minecraft:apple":13,"tconstruct:part_chest":1,"cfm:fridge_dark":1,"cottonly:cotton_seeds":7,"minecraft:cobblestone":3,"ftbjarmod:jar":1,"minecraft:cooked_porkchop":2,"minecraft:bucket":6,"farmersdelight:fruit_salad":5},"minecraft:picked_up":{"minecraft:shulker_shell":6,"losttrinkets:broken_heart_3":1,"minecraft:crafting_table":1,"tconstruct:ender_slime_sapling":1,"minecraft:chainmail_boots":1,"cb_microblock:microblock":3,"minecraft:clay_ball":20,"losttrinkets:broken_heart_2":1,"minecraft:leather_leggings":1,"minecraft:brown_mushroom":2,"cottonly:cotton_seeds":41,"rid:mob_soul":10,"tconstruct:sword":1,"chisel:iron_chisel":1,"minecraft:diamond_horse_armor":1,"gravestone:obituary":14,"blockcarpentry:frame_slab":1,"thermal:iron_dust":22,"minecraft:music_disc_cat":2,"minecraft:string":2,"losttrinkets:luck_coin":1,"chisel:carpet/purple/llama":6,"integrateddynamics:menril_log":8,"krate:krate_big":2,"tconstruct:repair_kit":3,"better_diving:fins":2,"minecraft:mycelium":6,"minecraft:sea_pickle":11,"cobblefordays:tier_1":1,"minecraft:red_sand":4,"mysticalagriculture:inferium_essence":9,"minecraft:bucket":1,"losttrinkets:tha_cloud":1,"losttrinkets:broken_heart_1":2,"rid:1x_compressed_sand":2,"thermal:flux_magnet":1,"minecraft:furnace":1,"refinedstorage:silicon":32,"minecraft:stone":32,"minecraft:torch":28,"minecraft:acacia_log":9,"akashictome:tome":1,"tconstruct:pickaxe":1,"better_diving:wetsuit_leggings":4,"minecraft:porkchop":3,"minecraft:golden_axe":1,"minecraft:carrot":15,"minecraft:prismarine_crystals":10,"rid:1x_compressed_cobblestone":10,"losttrinkets:fire_mind":1,"botania:terrasteel_ingot":4,"miniutilities:experience_pearl_1x":1,"enderstorage:ender_tank":2,"botania:manasteel_ingot":2,"minecraft:cactus":6,"minecraft:arrow":20,"minecraft:rotten_flesh":10,"minecraft:music_disc_ward":1,"tconstruct:drowned_head":1,"losttrinkets:mirror_shard":1,"ftbjarmod:tube":20,"ftbsluice:sluice_fortune_upgrade":2,"tconstruct:small_axe_head":2,"minecraft:saddle":2,"minecraft:gold_ingot":9,"krate:krate_small":2,"minecraft:mutton":2,"minecraft:music_disc_wait":2,"chisel:andesite/soft_bricks":7,"tconstruct:earth_slime_sapling":1,"minecraft:obsidian":2,"minecraft:iron_bars":4,"rid:1x_compressed_gravel":4,"minecraft:skeleton_skull":3,"minecraft:white_wool":70,"minecraft:cobblestone":263,"minecraft:stripped_oak_log":31,"simplylight:edge_light":8,"minecraft:sponge":16,"losttrinkets:lunch_bag":1,"losttrinkets:treasure_bag":3,"minecraft:magma_block":2,"minecraft:basalt":1,"minecraft:golden_carrot":4,"minecraft:jungle_log":2,"better_diving:standard_o2_tank":1,"storagedrawers:upgrade_template":8,"krate:krate_basic":7,"chisel:carpet/gray/llama":16,"minecraft:chiseled_quartz_block":73,"chisel:stone_bricks/ornate":1,"minecraft:gunpowder":2,"minecraft:ancient_debris":4,"ftbjarmod:tempered_glass":7,"minecraft:oak_log":109,"minecraft:lily_pad":4,"immersiveengineering:floodlight":2,"losttrinkets:karma":1,"trashcans:item_trash_can":2,"better_diving:diving_mask":1,"cfm:fridge_light":1,"trashcans:liquid_trash_can":3,"minecraft:dirt":12,"trashcans:energy_trash_can":3,"botania:mana_diamond":2,"minecraft:leather_boots":1,"storagedrawers:acacia_full_drawers_1":2,"minecraft:glass":13,"minecraft:bone":18,"ftbjarmod:jar":1,"minecraft:apple":7,"minecraft:kelp":6,"minecraft:bow":1,"mysticalagriculture:mystical_fertilizer":4,"ftbquests:book":1,"farmersdelight:fruit_salad":6,"minecraft:iron_ingot":7,"miniutilities:experience_pearl_2x":5,"trashcans:ultimate_trash_can":1,"cfm:post_box":2,"minecraft:oak_planks":17,"minecraft:mossy_stone_brick_wall":5,"minecraft:prismarine":3,"tconstruct:sky_slime_sapling":1,"chisel:factory/rust2":1,"losttrinkets:starfish":1,"botania:cosmetic_groucho_glasses":3,"minecraft:acacia_sapling":2,"minecraft:music_disc_chirp":1,"mysticalagriculture:iron_essence":2,"minecraft:cooked_porkchop":2,"glassential:glass_dark":4,"chisel:factory/metalbox":3,"chisel:marble/raw":6,"minecraft:quartz":4,"cottonly:ball":19,"minecraft:gravel":112,"minecraft:sand":12,"minecraft:jungle_planks":4,"mekanismtools:diamond_paxel":1,"losttrinkets:ruby_heart":1,"minecraft:melon":2,"ftbsluice:sluice_consumption_upgrade":2,"thermal:eggplant_block":3,"obsidianboat:obsidianboat":1,"thermal:spice_cake":1,"minecraft:crying_obsidian":24,"minecraft:shulker_box":12,"minecraft:mossy_cobblestone":1,"mekanism:basic_control_circuit":8,"minecraft:slime_ball":9,"miniutilities:iron_spikes":1,"losttrinkets:broken_heart_4":2,"cfm:fridge_dark":4,"mysticalagriculture:rubber_essence":1,"tconstruct:pattern":4,"minecraft:baked_potato":4,"minecraft:oak_sapling":2,"minecraft:nether_star":1,"betterendforge:guidebook":1},"minecraft:broken":{"minecraft:golden_axe":1,"minecraft:wooden_hoe":1}},"DataVersion":2586}