{"stats":{"minecraft:mined":{"minecraft:farmland":32,"ftbsluice:iron_sluice":1,"ftbstructures:red_barrel":1,"ftbsluice:dust":1,"minecraft:grass_block":44,"krate:krate_large":2,"tconstruct:part_chest":1,"ftbsluice:pump":1,"ftbstructures:green_barrel":6,"minecraft:hopper":4,"minecraft:oak_wall_sign":2,"minecraft:oxeye_daisy":12,"cobblefordays:tier_1":3,"minecraft:tall_seagrass":1,"chisel:andesite/soft_bricks":2,"mcwroofs:oak_roof":1,"minecraft:azure_bluet":5,"minecraft:oak_stairs":6,"ftbstructures:golden_barrel":3,"trashcans:ultimate_trash_can":1,"ftbstructures:purple_barrel":8,"minecraft:clay":3,"minecraft:torch":13,"minecraft:poppy":5,"ftbstructures:black_barrel":1,"minecraft:glass":3,"minecraft:cobblestone":85,"minecraft:oak_planks":1,"minecraft:wall_torch":1,"krate:krate_small":1,"minecraft:seagrass":1,"rid:2x_compressed_sand":8,"minecraft:wheat":1,"minecraft:grass":284,"minecraft:oak_log":358,"minecraft:sand":166,"minecraft:dirt":50,"minecraft:oak_leaves":25,"minecraft:oak_door":3,"minecraft:ladder":15,"cottonly:cotton_plant":1,"ftbstructures:white_barrel":7,"minecraft:furnace":1,"minecraft:carrots":1,"minecraft:potatoes":1,"minecraft:stone":26,"mysticalagriculture:inferium_furnace":1,"minecraft:oak_slab":2,"ftbsluice:iron_auto_hammer":1,"ftbstructures:crate":14,"minecraft:dandelion":20,"pipez:item_pipe":4,"minecraft:cornflower":10,"minecraft:tall_grass":34,"ftbsluice:oak_sluice":1,"minecraft:grass_path":3,"minecraft:gravel":16},"minecraft:killed":{"minecraft:pig":1,"minecraft:creeper":4,"minecraft:zombie":5,"minecraft:horse":2},"minecraft:custom":{"minecraft:interact_with_crafting_table":73,"minecraft:leave_game":2,"minecraft:time_since_death":285195,"minecraft:sprint_one_cm":90180,"minecraft:drop":55,"minecraft:jump":586,"minecraft:walk_on_water_one_cm":117624,"minecraft:interact_with_furnace":96,"minecraft:play_one_minute":285195,"minecraft:damage_dealt":2359,"minecraft:crouch_one_cm":4800,"minecraft:horse_one_cm":2079,"minecraft:mob_kills":11,"minecraft:inspect_hopper":9,"minecraft:climb_one_cm":67935,"minecraft:walk_one_cm":854293,"minecraft:sneak_time":4753,"minecraft:walk_under_water_one_cm":68353,"minecraft:boat_one_cm":23639,"minecraft:time_since_rest":285195,"minecraft:damage_taken":1371,"minecraft:use_wand":131,"minecraft:swim_one_cm":28221,"minecraft:fly_one_cm":49012,"minecraft:open_chest":269,"minecraft:fall_one_cm":5103},"minecraft:dropped":{"mysticalagriculture:iron_essence":2,"minecraft:baked_potato":4,"minecraft:saddle":1,"ftbjarmod:cast_iron_ingot":2,"chisel:andesite/soft_bricks":4,"tconstruct:sword":1,"minecraft:dirt":1,"gravestone:obituary":7,"minecraft:sand":261,"ftbquests:book":1,"minecraft:oak_door":1,"tconstruct:pickaxe":1,"minecraft:gravel":2,"cottonly:cotton_seeds":15,"minecraft:prismarine":3,"blockcarpentry:frame_slab":2,"krate:krate_big":1,"krate:krate_basic":1,"obsidianboat:obsidianboat":1,"immersiveengineering:seed":1,"minecraft:iron_ingot":11,"tconstruct:hand_axe":2,"rid:1x_compressed_cobblestone":9,"krate:krate_large":1,"mysticalagradditions:inferium_paxel":1,"minecraft:redstone":16,"ftbsluice:dust":43,"minecraft:furnace":1,"better_diving:fins":1,"tconstruct:mattock":1,"minecraft:oak_sapling":2,"thermal:iron_dust":22},"minecraft:crafted":{"minecraft:brick":6,"minecraft:farmland":2,"pipez:wrench":1,"minecraft:oak_planks":60,"immersiveengineering:hammer":1,"ftbsluice:cloth_mesh":1,"pipez:item_pipe":16,"minecraft:sand":270,"ftbsluice:oak_sluice":1,"tconstruct:tool_binding":3,"minecraft:iron_bars":16,"ftbsluice:iron_hammer":1,"tconstruct:hand_axe":1,"minecraft:hopper":2,"thermal:iron_dust":1,"ftbsluice:gold_mesh":1,"ftbsluice:stone_hammer":1,"tconstruct:seared_brick":20,"minecraft:chest":3,"tconstruct:small_axe_head":2,"better_diving:titanium_ingot":9,"tconstruct:pickaxe_head":2,"recycler:recycler":1,"minecraft:flower_pot":2,"tconstruct:small_blade":2,"minecraft:dropper":2,"minecraft:baked_potato":36,"tconstruct:tool_handle":6,"cottonly:cotton_socks":1,"tconstruct:sword":1,"minecraft:string":4,"minecraft:wooden_hoe":4,"constructionwand:stone_wand":1,"minecraft:iron_ingot":56,"minecraft:iron_block":1,"rid:redstone_cluster":2,"minecraft:composter":1,"minecraft:oak_door":3,"tconstruct:pickaxe":1,"tconstruct:pattern":18,"tconstruct:part_builder":1,"minecraft:iron_nugget":18,"tconstruct:repair_kit":9,"tconstruct:kama":1,"tconstruct:tinker_station":1,"minecraft:terracotta":10,"ftbsluice:clay_bucket":3,"ftbsluice:iron_auto_hammer":1,"minecraft:air":2241,"botanypots:hopper_botany_pot":2,"minecraft:stonecutter":1,"ftbsluice:pump":1,"minecraft:clay":5,"tconstruct:mattock":2},"minecraft:used":{"minecraft:ladder":72,"minecraft:oak_sign":2,"minecraft:chest":11,"minecraft:farmland":1,"minecraft:carrot":6,"ftbsluice:stone_hammer":189,"mysticalagriculture:prudentium_furnace":1,"minecraft:oak_sapling":112,"pipez:item_pipe":6,"ftbsluice:clay_bucket":60,"minecraft:oak_planks":2,"minecraft:wooden_pickaxe":1,"minecraft:composter":1,"recycler:recycler":1,"elevatorid:elevator_white":1,"trashcans:ultimate_trash_can":1,"minecraft:sand":163,"mysticalagradditions:inferium_paxel":1,"ftbsluice:iron_auto_hammer":2,"minecraft:gravel":16,"tconstruct:mattock":2,"minecraft:bone_meal":9,"ftbsluice:dust":1,"minecraft:oak_door":6,"minecraft:torch":14,"minecraft:dirt":74,"minecraft:hopper":4,"krate:krate_large":1,"mcwroofs:oak_roof":1,"minecraft:oak_stairs":6,"tconstruct:tinker_station":1,"cobblefordays:tier_1":3,"minecraft:golden_carrot":2,"ftbsluice:pump":1,"tconstruct:part_builder":1,"tconstruct:kama":11,"minecraft:wheat_seeds":5,"minecraft:baked_potato":16,"mysticalagriculture:inferium_furnace":2,"rid:2x_compressed_sand":8,"krate:krate_small":3,"minecraft:oak_slab":39,"minecraft:crafting_table":2,"botanypots:hopper_botany_pot":2,"constructionwand:stone_wand":17,"minecraft:wooden_hoe":2,"minecraft:apple":20,"minecraft:oxeye_daisy":1,"tconstruct:part_chest":1,"cottonly:cotton_seeds":25,"minecraft:cobblestone":394,"rid:1x_compressed_sand":3,"ftbsluice:oak_sluice":2,"minecraft:bucket":1},"minecraft:picked_up":{"powah:uraninite_raw_dense":1,"minecraft:chainmail_boots":1,"minecraft:lead":3,"minecraft:oak_stairs":6,"blockcarpentry:frame_slab":2,"tconstruct:hand_axe":1,"thermal:barley_seeds":3,"thermal:coffee_seeds":2,"rid:iron_chunk":19,"thermal:sulfur":7,"minecraft:sea_pickle":3,"mysticalagriculture:inferium_essence":3,"cobblefordays:tier_1":3,"losttrinkets:broken_heart_1":1,"minecraft:enchanted_golden_apple":1,"thermal:spinach_seeds":3,"farmersdelight:cabbage_seeds":3,"minecraft:furnace":1,"minecraft:stick":28,"thermal:sadiroot_seeds":5,"minecraft:torch":14,"minecraft:farmland":2,"minecraft:porkchop":1,"rid:tin_chunk":4,"minecraft:vine":3,"thermal:flax_seeds":3,"minecraft:golden_chestplate":1,"rid:1x_compressed_cobblestone":18,"thermal:apatite":11,"storagedrawers:emerald_storage_upgrade":1,"minecraft:cactus":18,"minecraft:rotten_flesh":5,"thermal:corn_seeds":4,"ftbsluice:dust":164,"minecraft:music_disc_ward":1,"tconstruct:drowned_head":1,"tconstruct:small_axe_head":1,"thermal:radish_seeds":6,"krate:krate_small":1,"minecraft:leather_horse_armor":1,"chisel:andesite/soft_bricks":4,"minecraft:cobblestone":153,"minecraft:sponge":24,"rid:1x_compressed_gravel":6,"minecraft:leather_chestplate":2,"farmersdelight:rice":3,"minecraft:chiseled_quartz_block":48,"minecraft:potato":6,"minecraft:flint":6,"ftbsluice:clay_bucket":1,"tconstruct:pickaxe_head":1,"minecraft:dirt":130,"fluxnetworks:flux_core":4,"minecraft:leather_boots":1,"minecraft:glass":7,"minecraft:bone":1,"thermal:hops_seeds":5,"mysticalagriculture:inferium_furnace":1,"minecraft:wheat_seeds":9,"appliedenergistics2:certus_quartz_crystal":2,"rid:aluminum_chunk":3,"krate:krate_large":2,"ftbquests:book":1,"ftbsluice:iron_auto_hammer":1,"trashcans:ultimate_trash_can":1,"minecraft:prismarine":3,"minecraft:oak_planks":9,"thermal:bell_pepper_seeds":2,"ftbsluice:pump":1,"draconicevolution:draconium_ingot":3,"cottonly:ball":17,"minecraft:sand":328,"rid:fluorite_chunk":3,"thermal:onion_seeds":3,"mekanism:basic_control_circuit":4,"losttrinkets:warm_void":1,"projectred-core:sapphire":1,"simplyjetpacks:jetpack_vanilla1":1,"thermal:eggplant_seeds":3,"minecraft:bone_meal":9,"minecraft:oak_sapling":86,"minecraft:netherrack":32,"minecraft:azure_bluet":5,"minecraft:ladder":11,"minecraft:clay_ball":12,"thermal:cinnabar":8,"cottonly:cotton_seeds":105,"tconstruct:sword":1,"rid:nickel_chunk":2,"losttrinkets:slingshot":1,"rid:mob_soul":4,"minecraft:diamond_horse_armor":1,"gravestone:obituary":7,"minecraft:chain":4,"rid:lead_chunk":1,"thermal:iron_dust":12,"minecraft:cornflower":10,"losttrinkets:serpent_tooth":1,"minecraft:red_bed":1,"chisel:carpet/purple/llama":12,"better_diving:fins":2,"mcwroofs:oak_roof":2,"losttrinkets:wither_nail":1,"thermal:niter":9,"minecraft:poppy":5,"rid:copper_chunk":23,"minecraft:stone":6,"minecraft:oak_door":2,"ftbsluice:gold_mesh":1,"pipez:item_pipe":4,"appliedenergistics2:charged_certus_quartz_crystal":1,"appliedenergistics2:sky_dust":1,"farmersdelight:tomato_seeds":1,"ftbsluice:iron_sluice":1,"rid:silver_chunk":3,"minecraft:carrot":15,"thermal:peanut_seeds":4,"rid:gold_chunk":4,"minecraft:saddle":4,"minecraft:gold_ingot":6,"tconstruct:part_chest":1,"rid:2x_compressed_sand":8,"minecraft:oxeye_daisy":12,"minecraft:golden_carrot":32,"minecraft:leather":3,"ftbsluice:oak_sluice":1,"minecraft:oak_log":339,"minecraft:lily_pad":8,"minecraft:gunpowder":4,"rid:redstone_chunk":7,"ftbsluice:cloth_mesh":2,"minecraft:apple":11,"thermal:tea_seeds":4,"minecraft:iron_ingot":1,"thermal:tomato_seeds":6,"losttrinkets:starfish":1,"minecraft:oak_slab":3,"losttrinkets:creepo":1,"mysticalagriculture:iron_essence":3,"glassential:glass_dark":8,"thermal:strawberry_seeds":3,"minecraft:dandelion":20,"minecraft:gravel":779,"thermal:frost_melon_seeds":3,"mekanismtools:diamond_paxel":1,"minecraft:white_bed":1,"thermal:green_bean_seeds":7,"simplybackpacks:rarebackpack":2,"thermal:rice_seeds":1,"minecraft:music_disc_mall":1,"immersiveengineering:seed":9,"ftbjarmod:cast_iron_nugget":3,"cfm:fridge_dark":1,"minecraft:crimson_nylium":2,"minecraft:coal":7,"minecraft:hopper":4},"minecraft:broken":{"constructionwand:stone_wand":1,"minecraft:wooden_pickaxe":1,"minecraft:wooden_hoe":2}},"DataVersion":2586}