{"stats":{"minecraft:mined":{"minecraft:oak_sapling":45,"minecraft:farmland":3,"minecraft:granite":25,"minecraft:grass_block":83,"krate:krate_large":2,"ftbstructures:green_barrel":15,"minecraft:oxeye_daisy":3,"ftbjarmod:tube":3,"minecraft:azure_bluet":1,"ftbstructures:golden_barrel":5,"ftbstructures:purple_barrel":16,"minecraft:clay":16,"ftbstructures:pulsating_crate":2,"minecraft:torch":4,"minecraft:poppy":3,"minecraft:chest":1,"ftbstructures:black_barrel":4,"minecraft:cobblestone":573,"minecraft:wall_torch":1,"minecraft:seagrass":1,"ftbstructures:blue_barrel":1,"storagedrawers:oak_full_drawers_1":1,"minecraft:grass":76,"minecraft:oak_log":292,"minecraft:sand":19,"minecraft:dirt":43,"minecraft:oak_leaves":56,"mysticalagriculture:iron_crop":1,"minecraft:mossy_cobblestone":1,"minecraft:oak_door":2,"gravestone:gravestone":2,"minecraft:ladder":3,"minecraft:soul_campfire":1,"cottonly:cotton_plant":4,"ftbstructures:white_barrel":7,"immersiveengineering:hemp":8,"minecraft:andesite":135,"minecraft:gold_block":24,"minecraft:potatoes":1,"minecraft:cobblestone_slab":3,"mysticalagriculture:prudentium_growth_accelerator":2,"minecraft:stone":1376,"tconstruct:earth_congealed_slime":64,"chisel:basalt/raw":58,"ftbstructures:crate":18,"minecraft:dandelion":2,"minecraft:cornflower":3,"minecraft:campfire":3,"minecraft:tall_grass":7,"miniutilities:iron_spikes":1,"elevatorid:elevator_white":1,"minecraft:gravel":39,"blockcarpentry:frame_slab":13,"tconstruct:sky_congealed_slime":35},"minecraft:killed":{"tconstruct:earth_slime":18,"minecraft:spider":3,"minecraft:skeleton":2,"thermal:blitz":1,"minecraft:pig":1,"minecraft:creeper":9,"minecraft:zombie":9,"minecraft:drowned":1,"minecraft:bat":6},"minecraft:killed_by":{"minecraft:player":1,"thermal:blitz":1},"minecraft:custom":{"minecraft:interact_with_crafting_table":52,"minecraft:leave_game":4,"minecraft:time_since_death":173325,"minecraft:sprint_one_cm":209110,"minecraft:drop":104,"minecraft:deaths":2,"minecraft:jump":838,"minecraft:walk_on_water_one_cm":50976,"minecraft:interact_with_furnace":163,"minecraft:play_one_minute":258351,"minecraft:damage_dealt":6354,"minecraft:player_kills":3,"minecraft:crouch_one_cm":8264,"minecraft:horse_one_cm":1249,"minecraft:mob_kills":51,"minecraft:interact_with_campfire":8,"minecraft:climb_one_cm":6322,"minecraft:walk_one_cm":724285,"minecraft:sneak_time":4365,"minecraft:walk_under_water_one_cm":16508,"minecraft:boat_one_cm":775,"minecraft:time_since_rest":173349,"minecraft:damage_taken":1489,"minecraft:damage_absorbed":48,"minecraft:use_wand":524,"minecraft:swim_one_cm":11212,"minecraft:fly_one_cm":66926,"minecraft:open_chest":365,"minecraft:fall_one_cm":5761},"minecraft:dropped":{"chisel:carpet/purple/llama":6,"minecraft:oak_log":519,"chisel:marble/raw":28,"tconstruct:sword":1,"gravestone:obituary":8,"minecraft:sand":602,"mekanismtools:iron_paxel":1,"minecraft:blue_bed":2,"minecraft:music_disc_blocks":1,"minecraft:oak_door":1,"tconstruct:pattern":4,"minecraft:gravel":1101,"cottonly:cotton_seeds":2,"ftbjarmod:tempered_glass":7,"minecraft:oak_planks":128,"chisel:basalt/raw":1,"minecraft:white_bed":1,"blockcarpentry:frame_slab":22,"krate:krate_basic":1,"minecraft:leather_boots":1,"minecraft:chainmail_boots":1,"storagedrawers:oak_half_drawers_4":3,"minecraft:basalt":1,"minecraft:glass":10,"obsidianboat:obsidianboat":1,"tconstruct:pickaxe_head":1,"minecraft:oak_slab":30,"minecraft:golden_helmet":1,"simplyjetpacks:jetpack_vanilla1":1,"minecraft:cobblestone":832,"storagedrawers:oak_full_drawers_1":4,"trashcans:energy_trash_can":1,"tconstruct:hand_axe":1,"minecraft:string":2,"minecraft:bucket":1,"storagedrawers:upgrade_template":4,"mcwroofs:oak_roof":1,"minecraft:stripped_oak_log":1,"ftbjarmod:tube":12,"minecraft:oak_sapling":19},"minecraft:crafted":{"minecraft:oak_planks":80,"minecraft:cobblestone_slab":60,"minecraft:stone":168,"tconstruct:tool_binding":4,"ftbjarmod:tempered_glass":36,"tconstruct:hand_axe":1,"minecraft:glass":49,"ftbsluice:stone_hammer":2,"minecraft:chest":6,"minecraft:oak_button":3,"tconstruct:small_axe_head":2,"tconstruct:pickaxe_head":4,"ftbjarmod:cast_iron_nugget":18,"ftbjarmod:cast_iron_gear":6,"tconstruct:small_blade":4,"minecraft:soul_campfire":2,"minecraft:cooked_porkchop":3,"farmersdelight:iron_knife":1,"constructionwand:iron_wand":1,"storagedrawers:oak_full_drawers_1":2,"tconstruct:tool_handle":5,"minecraft:campfire":3,"minecraft:painting":1,"cobblefordays:tier_1":1,"tconstruct:sword":3,"farmersdelight:cutting_board":1,"minecraft:charcoal":35,"minecraft:stick":8,"minecraft:iron_ingot":11,"storagedrawers:upgrade_template":4,"tconstruct:pickaxe":14,"minecraft:iron_nugget":14,"tconstruct:repair_kit":15,"tconstruct:kama":3,"ftbjarmod:tempered_jar":1,"minecraft:glass_pane":48,"ftbjarmod:tube":24,"trashcans:item_trash_can":1,"minecraft:lead":2,"minecraft:red_dye":2,"smallships:oak_cog":1,"ftbjarmod:jar":3,"smallships:sail_item":1,"trashcans:energy_trash_can":1,"minecraft:air":2647,"minecraft:blue_dye":1,"minecraft:oak_boat":1,"minecraft:white_wool":1,"minecraft:torch":12,"tconstruct:mattock":4},"minecraft:used":{"immersiveengineering:seed":8,"minecraft:ladder":2,"trashcans:item_trash_can":1,"minecraft:chest":2,"minecraft:rotten_flesh":17,"minecraft:soul_campfire":2,"minecraft:carrot":4,"ftbsluice:stone_hammer":537,"blockcarpentry:frame_slab":1,"rid:1x_compressed_cobblestone":1,"mysticalagriculture:prudentium_growth_accelerator":3,"farmersdelight:cutting_board":1,"minecraft:furnace":9,"minecraft:oak_sapling":40,"minecraft:potato":2,"industrialforegoing:mob_imprisonment_tool":12,"chisel:basalt/raw":50,"mysticalagriculture:rubber_seeds":1,"smallships:oak_cog":1,"elevatorid:elevator_white":3,"minecraft:sand":1,"ftbjarmod:jar":6,"obsidianboat:obsidianboat":2,"minecraft:bone_meal":30,"storagedrawers:oak_full_drawers_1":2,"minecraft:acacia_log":1,"minecraft:oak_door":11,"minecraft:torch":16,"minecraft:dirt":57,"ftbjarmod:tempered_jar":1,"krate:krate_large":4,"mysticalagradditions:inferium_apple":11,"cobblefordays:tier_1":1,"minecraft:golden_carrot":1,"bloodmagic:incensealtar":1,"tconstruct:kama":22,"minecraft:cobblestone_slab":12,"minecraft:mossy_cobblestone":1,"constructionwand:stone_wand":73,"minecraft:campfire":3,"minecraft:oak_log":22,"ftbjarmod:tube":12,"minecraft:apple":8,"mysticalagriculture:iron_seeds":2,"cottonly:cotton_seeds":18,"dimpaintings:nether_painting":14,"minecraft:cobblestone":695,"minecraft:cooked_porkchop":3,"minecraft:bucket":7},"minecraft:picked_up":{"minecraft:music_disc_strad":1,"minecraft:chainmail_boots":1,"losttrinkets:broken_heart_2":2,"minecraft:lead":1,"chisel:iron_chisel":1,"mysticalagriculture:iron_seeds":1,"mysticalagriculture:prudentium_growth_accelerator":2,"minecraft:turtle_egg":1,"minecraft:enchanted_book":1,"blockcarpentry:frame_slab":23,"minecraft:music_disc_cat":1,"minecraft:string":3,"minecraft:soul_soil":1,"integrateddynamics:menril_log":4,"thermal:barley_seeds":1,"tconstruct:hand_axe":1,"minecraft:sea_pickle":8,"mysticalagriculture:inferium_essence":6,"tconstruct:debris_nugget":1,"minecraft:cobblestone_slab":3,"losttrinkets:broken_heart_5":1,"minecraft:furnace":1,"minecraft:golden_helmet":1,"minecraft:stick":49,"minecraft:music_disc_blocks":2,"minecraft:acacia_log":1,"minecraft:torch":9,"thermal:sadiroot_seeds":1,"minecraft:porkchop":3,"mysticalagriculture:infusion_crystal":1,"rid:1x_compressed_cobblestone":19,"pipez:wrench":1,"miniutilities:experience_pearl_1x":1,"enderstorage:ender_tank":2,"minecraft:cactus":24,"minecraft:rotten_flesh":11,"thermal:corn_seeds":2,"tconstruct:drowned_head":1,"ftbjarmod:tube":5,"minecraft:end_rod":4,"thermal:radish_seeds":1,"krate:krate_small":5,"minecraft:music_disc_wait":1,"minecraft:cobblestone":2981,"minecraft:sponge":8,"rid:1x_compressed_gravel":2,"farmersdelight:rice":14,"minecraft:andesite":270,"minecraft:chiseled_quartz_block":37,"krate:krate_basic":1,"minecraft:potato":4,"minecraft:flint":4,"tconstruct:pickaxe_head":1,"better_diving:diving_mask":1,"cfm:fridge_light":1,"minecraft:dirt":207,"mekanismtools:iron_paxel":1,"powah:dielectric_paste":8,"minecraft:name_tag":1,"minecraft:leather_boots":1,"minecraft:glass":14,"minecraft:bone":2,"thermal:hops_seeds":1,"minecraft:bow":1,"minecraft:wheat_seeds":1,"krate:krate_large":3,"cfm:post_box":2,"minecraft:oak_planks":253,"thermal:bell_pepper_seeds":2,"ftbjarmod:cast_iron_ingot":20,"draconicevolution:draconium_ingot":3,"cottonly:ball":21,"minecraft:sand":1088,"ftbsluice:sluice_speed_upgrade":2,"minecraft:melon":4,"mob_grinding_utils:fan":1,"minecraft:mossy_cobblestone":1,"losttrinkets:warm_void":1,"thermal:eggplant_seeds":1,"minecraft:granite":64,"chisel:basalt/raw":55,"minecraft:oak_sapling":104,"betterendforge:guidebook":2,"minecraft:charcoal":6,"tconstruct:ender_slime_sapling":1,"glassential:glass_ethereal_reverse":8,"minecraft:azure_bluet":2,"minecraft:ladder":3,"minecraft:clay_ball":76,"cottonly:cotton_seeds":61,"storagedrawers:oak_half_drawers_4":3,"minecraft:gold_block":24,"tconstruct:sword":1,"minecraft:diamond_horse_armor":1,"rid:mob_soul":13,"minecraft:chain":2,"gravestone:obituary":3,"minecraft:cornflower":3,"enderstorage:ender_pouch":2,"chisel:carpet/purple/llama":6,"better_diving:fins":2,"losttrinkets:wither_nail":1,"farmersdelight:straw":12,"losttrinkets:butchers_cleaver":2,"tconstruct:earth_slime_sling":1,"minecraft:poppy":4,"rid:1x_compressed_sand":8,"minecraft:chest":1,"minecraft:oak_door":2,"miniutilities:wooden_spikes":1,"farmersdelight:tomato_seeds":1,"botania:hourglass":1,"minecraft:carrot":4,"minecraft:redstone":16,"thermal:peanut_seeds":1,"tconstruct:sky_slime_ball":140,"minecraft:arrow":3,"ftbsluice:sluice_fortune_upgrade":2,"minecraft:saddle":1,"glassential:glass_light":4,"minecraft:white_wool":76,"minecraft:oxeye_daisy":4,"minecraft:stripped_oak_log":2,"losttrinkets:treasure_bag":2,"minecraft:golden_carrot":64,"storagedrawers:upgrade_template":4,"minecraft:oak_log":1316,"minecraft:ancient_debris":4,"minecraft:lily_pad":5,"immersiveengineering:floodlight":2,"minecraft:gunpowder":9,"minecraft:blue_bed":3,"minecraft:apple":13,"losttrinkets:minds_eye":2,"minecraft:iron_ingot":13,"thermal:tea_seeds":1,"minecraft:music_disc_far":1,"thermal:tomato_seeds":2,"storagedrawers:oak_full_drawers_1":5,"minecraft:acacia_sapling":1,"elevatorid:elevator_white":1,"minecraft:oak_slab":60,"mysticalagradditions:inferium_paxel":1,"mysticalagriculture:iron_essence":4,"minecraft:pumpkin":2,"thermal:strawberry_seeds":2,"chisel:marble/raw":56,"minecraft:dandelion":3,"minecraft:gravel":1538,"thermal:frost_melon_seeds":2,"mekanismtools:diamond_paxel":1,"thermal:eggplant_block":1,"minecraft:white_bed":1,"thermal:green_bean_seeds":3,"obsidianboat:obsidianboat":2,"minecraft:crying_obsidian":24,"simplybackpacks:rarebackpack":1,"minecraft:spider_eye":1,"thermal:rice_seeds":2,"notenoughwands:capturing_wand":2,"dimpaintings:nether_painting":4,"minecraft:dried_kelp_block":8,"minecraft:slime_ball":263,"immersiveengineering:seed":9,"miniutilities:iron_spikes":1,"minecraft:chainmail_leggings":1,"ftbjarmod:cast_iron_nugget":6,"losttrinkets:broken_heart_4":1,"mysticalagriculture:rubber_essence":1,"tconstruct:pattern":4,"minecraft:coal":1},"minecraft:broken":{"ftbsluice:stone_hammer":1,"constructionwand:stone_wand":4}},"DataVersion":2586}