{"stats":{"minecraft:mined":{"minecraft:farmland":32,"ftbsluice:iron_sluice":2,"ftbstructures:small_crate":1,"ftbstructures:red_barrel":5,"minecraft:andesite_stairs":1,"ftbsluice:dust":1,"minecraft:grass_block":45,"krate:krate_large":2,"chisel:marble/weaver":5,"chisel:factory/rustplates":6,"tconstruct:part_chest":1,"ftbsluice:pump":1,"ftbstructures:green_barrel":16,"minecraft:hopper":4,"minecraft:oak_wall_sign":2,"minecraft:oxeye_daisy":12,"minecraft:spawner":16,"cobblefordays:tier_1":7,"minecraft:tall_seagrass":2,"minecraft:magma_block":14,"chisel:andesite/soft_bricks":6,"mcwroofs:oak_roof":1,"integratedterminals:menril_glass":1,"minecraft:azure_bluet":5,"minecraft:iron_bars":1,"minecraft:oak_stairs":6,"ftbstructures:golden_barrel":9,"mcwdoors:metal_warning_door":1,"trashcans:ultimate_trash_can":1,"tconstruct:sky_slime_dirt":1,"ftbstructures:purple_barrel":15,"minecraft:cut_sandstone":13,"chisel:glowstone/extra/bismuth":10,"minecraft:kelp_plant":62,"minecraft:blue_stained_glass":1,"minecraft:clay":40,"chisel:stone_bricks/ornate":4,"minecraft:torch":13,"ftbstructures:pulsating_crate":6,"chisel:marble/cracked":1,"chisel:factory/metalbox":1,"minecraft:poppy":5,"minecraft:chest":1,"ftbstructures:black_barrel":7,"minecraft:glass":3,"minecraft:cobblestone":87,"minecraft:oak_planks":2,"minecraft:wall_torch":1,"minecraft:skeleton_skull":1,"minecraft:seagrass":2,"krate:krate_small":1,"ftbstructures:blue_barrel":5,"minecraft:mossy_stone_brick_wall":1,"rid:2x_compressed_sand":8,"minecraft:wheat":1,"minecraft:grass":284,"minecraft:oak_log":358,"minecraft:sand":173,"minecraft:dirt":50,"minecraft:oak_leaves":25,"minecraft:oak_door":3,"minecraft:sea_lantern":23,"minecraft:shulker_box":10,"minecraft:ladder":15,"minecraft:polished_andesite_slab":1,"minecraft:kelp":132,"cottonly:cotton_plant":1,"ftbstructures:white_barrel":7,"minecraft:carrots":1,"minecraft:furnace":1,"minecraft:gold_block":26,"industrialforegoing:material_stonework_factory":1,"minecraft:potatoes":1,"simplylight:edge_light":2,"betterendforge:jellyshroom_trapdoor":3,"minecraft:stone":48,"tconstruct:earth_congealed_slime":79,"mysticalagriculture:inferium_furnace":1,"ftbsluice:iron_auto_hammer":4,"minecraft:oak_slab":2,"chisel:basalt/raw":157,"minecraft:soul_sand":1,"ftbstructures:crate":28,"minecraft:dandelion":20,"pipez:item_pipe":5,"minecraft:cornflower":10,"minecraft:tall_grass":34,"chisel:glowstone/extra/tiles_large_bismuth":1,"chisel:factory/rust2":10,"ftbsluice:oak_sluice":1,"minecraft:grass_path":3,"minecraft:gravel":16,"minecraft:lodestone":12,"blockcarpentry:frame_slab":5,"minecraft:mossy_stone_bricks":3,"tconstruct:sky_congealed_slime":62},"minecraft:killed":{"tconstruct:earth_slime":1,"minecraft:spider":2,"minecraft:skeleton":11,"minecraft:guardian":5,"minecraft:pig":1,"minecraft:creeper":7,"minecraft:sheep":1,"minecraft:zombie":14,"minecraft:stray":3,"minecraft:horse":2,"minecraft:drowned":11},"minecraft:custom":{"minecraft:interact_with_crafting_table":90,"minecraft:open_shulker_box":30,"minecraft:leave_game":3,"minecraft:time_since_death":425498,"minecraft:sprint_one_cm":147874,"minecraft:drop":115,"minecraft:jump":969,"minecraft:walk_on_water_one_cm":249163,"minecraft:interact_with_furnace":103,"minecraft:play_one_minute":425498,"minecraft:damage_dealt":11368,"minecraft:crouch_one_cm":6227,"minecraft:horse_one_cm":2079,"minecraft:mob_kills":69,"minecraft:inspect_hopper":10,"minecraft:climb_one_cm":71075,"minecraft:walk_one_cm":1076009,"minecraft:sneak_time":8427,"minecraft:walk_under_water_one_cm":248769,"minecraft:boat_one_cm":23639,"minecraft:time_since_rest":425498,"minecraft:damage_taken":2310,"minecraft:use_wand":131,"minecraft:swim_one_cm":369427,"minecraft:fly_one_cm":90558,"minecraft:open_chest":449,"minecraft:fall_one_cm":10437},"minecraft:dropped":{"akashictome:tome":1,"mysticalagriculture:iron_essence":2,"tconstruct:sky_slime_dirt":1,"simplylight:edge_light":2,"minecraft:baked_potato":4,"mcwdoors:metal_warning_door":1,"minecraft:saddle":1,"ftbjarmod:cast_iron_ingot":2,"chisel:andesite/soft_bricks":8,"tconstruct:sword":2,"minecraft:cod":2,"minecraft:dirt":1,"chisel:marble/cracked":2,"theoneprobe:diamond_helmet_probe":2,"minecraft:cut_sandstone":8,"gravestone:obituary":7,"minecraft:sand":265,"ftbquests:book":1,"tconstruct:pickaxe":1,"minecraft:oak_door":1,"minecraft:gravel":2,"minecraft:golden_chestplate":1,"better_diving:wetsuit_leggings":1,"cottonly:cotton_seeds":15,"minecraft:rotten_flesh":3,"minecraft:prismarine":3,"minecraft:golden_shovel":2,"chisel:basalt/raw":96,"better_diving:standard_o2_tank":2,"minecraft:leather_chestplate":1,"blockcarpentry:frame_slab":7,"krate:krate_big":1,"krate:krate_basic":1,"mysticalagriculture:inferium_essence":1,"obsidianboat:obsidianboat":1,"immersiveengineering:seed":1,"minecraft:iron_ingot":11,"bloodmagic:incensealtar":1,"minecraft:prismarine_shard":2,"minecraft:cobblestone":85,"betterendforge:jellyshroom_trapdoor":1,"chisel:marble/weaver":4,"tconstruct:hand_axe":2,"minecraft:golden_carrot":4,"rid:1x_compressed_cobblestone":9,"krate:krate_large":1,"mysticalagradditions:inferium_paxel":1,"minecraft:redstone":16,"ftbsluice:dust":43,"minecraft:furnace":1,"minecraft:kelp":2,"minecraft:chiseled_quartz_block":12,"chisel:factory/metalbox":1,"chisel:factory/rust2":4,"miniutilities:experience_pearl_2x":5,"minecraft:shulker_box":2,"better_diving:fins":2,"chisel:factory/rustplates":2,"tconstruct:mattock":1,"minecraft:mossy_stone_bricks":6,"minecraft:oak_sapling":2,"minecraft:andesite_stairs":1,"thermal:iron_dust":22,"chisel:stone_bricks/ornate":1},"minecraft:crafted":{"minecraft:brick":6,"minecraft:farmland":2,"pipez:wrench":1,"minecraft:oak_planks":60,"immersiveengineering:hammer":1,"ftbsluice:cloth_mesh":1,"rid:titanium_cluster":2,"pipez:item_pipe":16,"minecraft:sand":270,"ftbsluice:oak_sluice":1,"better_diving:wetsuit_leggings":1,"minecraft:stone":3,"tconstruct:tool_binding":3,"minecraft:iron_bars":16,"ftbsluice:iron_hammer":3,"tconstruct:hand_axe":1,"minecraft:hopper":2,"thermal:iron_dust":1,"ftbsluice:gold_mesh":1,"ftbsluice:stone_hammer":1,"tconstruct:seared_brick":20,"minecraft:chest":3,"tconstruct:small_axe_head":2,"better_diving:titanium_ingot":9,"recycler:recycler":1,"tconstruct:pickaxe_head":2,"better_diving:diving_mask":1,"minecraft:flower_pot":2,"tconstruct:small_blade":2,"minecraft:dropper":2,"better_diving:standard_o2_tank":1,"minecraft:baked_potato":36,"tconstruct:tool_handle":6,"cottonly:cotton_socks":1,"tconstruct:sword":1,"minecraft:string":4,"minecraft:wooden_hoe":4,"better_diving:fiber_mesh":6,"constructionwand:stone_wand":1,"minecraft:iron_ingot":56,"minecraft:iron_block":1,"rid:redstone_cluster":2,"minecraft:composter":1,"tconstruct:pickaxe":1,"minecraft:oak_door":3,"tconstruct:pattern":18,"better_diving:fins":1,"tconstruct:part_builder":1,"minecraft:iron_nugget":18,"tconstruct:repair_kit":9,"tconstruct:kama":1,"tconstruct:tinker_station":1,"minecraft:terracotta":10,"ftbsluice:clay_bucket":3,"ftbsluice:iron_auto_hammer":3,"minecraft:air":2407,"botanypots:hopper_botany_pot":2,"ftbsluice:diamond_mesh":1,"better_diving:ultra_glide_fins":1,"minecraft:stonecutter":1,"ftbsluice:pump":2,"minecraft:clay":5,"tconstruct:mattock":2},"minecraft:used":{"minecraft:ladder":72,"minecraft:oak_sign":2,"minecraft:chest":20,"minecraft:farmland":1,"chisel:stone_bricks/ornate":1,"minecraft:carrot":6,"mekanismtools:diamond_paxel":462,"ftbsluice:stone_hammer":189,"mysticalagriculture:prudentium_furnace":1,"chisel:factory/rust2":6,"minecraft:magma_block":4,"pipez:item_pipe":10,"minecraft:oak_sapling":112,"ftbsluice:clay_bucket":63,"minecraft:oak_planks":16,"minecraft:wooden_pickaxe":1,"minecraft:composter":1,"recycler:recycler":1,"trashcans:ultimate_trash_can":1,"elevatorid:elevator_white":1,"minecraft:sand":163,"industrialforegoing:material_stonework_factory":1,"mysticalagradditions:inferium_paxel":1,"ftbsluice:iron_auto_hammer":7,"minecraft:gravel":16,"ftbsluice:iron_sluice":2,"tconstruct:mattock":2,"minecraft:bone_meal":9,"ftbsluice:dust":1,"minecraft:oak_door":6,"minecraft:torch":30,"minecraft:dirt":74,"minecraft:hopper":5,"minecraft:shulker_box":14,"krate:krate_large":1,"mcwroofs:oak_roof":1,"minecraft:oak_stairs":6,"tconstruct:tinker_station":1,"cobblefordays:tier_1":7,"minecraft:golden_carrot":14,"ftbsluice:pump":2,"tconstruct:part_builder":1,"tconstruct:kama":11,"minecraft:wheat_seeds":5,"minecraft:baked_potato":16,"mysticalagriculture:inferium_furnace":2,"rid:2x_compressed_sand":8,"krate:krate_small":3,"minecraft:oak_slab":39,"minecraft:crafting_table":2,"botanypots:hopper_botany_pot":2,"constructionwand:stone_wand":17,"minecraft:wooden_hoe":2,"minecraft:apple":20,"minecraft:oxeye_daisy":1,"tconstruct:part_chest":1,"cottonly:cotton_seeds":25,"minecraft:cobblestone":394,"rid:1x_compressed_sand":3,"ftbsluice:oak_sluice":2,"minecraft:bucket":1,"minecraft:kelp":20},"minecraft:picked_up":{"minecraft:shulker_shell":6,"powah:uraninite_raw_dense":2,"minecraft:chainmail_boots":1,"minecraft:prismarine_shard":7,"minecraft:lead":3,"minecraft:oak_stairs":6,"minecraft:wither_rose":1,"minecraft:enchanted_book":2,"chisel:iron_chisel":1,"blockcarpentry:frame_slab":7,"minecraft:music_disc_cat":1,"minecraft:string":3,"thermal:barley_seeds":3,"tconstruct:hand_axe":1,"thermal:coffee_seeds":2,"rid:iron_chunk":24,"thermal:sulfur":7,"minecraft:sea_pickle":14,"mysticalagriculture:inferium_essence":10,"cobblefordays:tier_1":7,"losttrinkets:broken_heart_1":2,"losttrinkets:broken_heart_5":1,"minecraft:enchanted_golden_apple":2,"thermal:spinach_seeds":3,"farmersdelight:cabbage_seeds":3,"minecraft:furnace":1,"minecraft:stick":28,"minecraft:music_disc_blocks":2,"thermal:sadiroot_seeds":5,"minecraft:torch":44,"minecraft:farmland":2,"minecraft:porkchop":1,"rid:tin_chunk":4,"minecraft:music_disc_pigstep":1,"minecraft:vine":3,"mcwdoors:metal_warning_door":1,"thermal:flax_seeds":3,"minecraft:golden_chestplate":5,"rid:1x_compressed_cobblestone":20,"losttrinkets:fire_mind":1,"thermal:apatite":12,"storagedrawers:emerald_storage_upgrade":1,"minecraft:cactus":18,"minecraft:rotten_flesh":22,"thermal:corn_seeds":4,"ftbsluice:dust":164,"minecraft:music_disc_ward":2,"tconstruct:drowned_head":1,"tconstruct:small_axe_head":1,"thermal:radish_seeds":6,"krate:krate_small":3,"minecraft:leather_horse_armor":2,"minecraft:music_disc_wait":1,"chisel:andesite/soft_bricks":10,"minecraft:obsidian":4,"minecraft:cod":2,"minecraft:cobblestone":309,"minecraft:nautilus_shell":2,"minecraft:sponge":32,"thermal:strawberry_block":1,"rid:1x_compressed_gravel":8,"minecraft:magma_block":12,"minecraft:leather_chestplate":3,"farmersdelight:rice":3,"minecraft:beacon":1,"minecraft:chiseled_quartz_block":79,"chisel:carpet/gray/llama":16,"minecraft:potato":6,"minecraft:flint":6,"ftbsluice:clay_bucket":1,"tconstruct:pickaxe_head":1,"cfm:fridge_light":3,"minecraft:dirt":140,"fluxnetworks:flux_core":4,"minecraft:leather_boots":1,"minecraft:glass":11,"minecraft:bone":22,"thermal:hops_seeds":5,"mysticalagriculture:inferium_furnace":1,"mysticalagriculture:prudentium_shovel":1,"minecraft:wheat_seeds":9,"appliedenergistics2:certus_quartz_crystal":2,"rid:aluminum_chunk":4,"projectred-illumination:white_fixture_light":6,"ftbquests:book":1,"minecraft:bell":2,"krate:krate_large":2,"ftbsluice:iron_auto_hammer":4,"trashcans:ultimate_trash_can":2,"minecraft:mossy_stone_bricks":6,"minecraft:glowstone_dust":30,"minecraft:prismarine":3,"minecraft:oak_planks":10,"ftbsluice:iron_hammer":1,"thermal:bell_pepper_seeds":2,"ftbsluice:pump":1,"minecraft:music_disc_13":1,"draconicevolution:draconium_ingot":3,"cottonly:ball":17,"minecraft:sand":334,"rid:fluorite_chunk":3,"thermal:onion_seeds":3,"minecraft:shulker_box":10,"mekanism:basic_control_circuit":4,"losttrinkets:warm_void":1,"projectred-core:sapphire":1,"minecraft:diamond":4,"minecraft:lever":1,"losttrinkets:piggy":1,"simplyjetpacks:jetpack_vanilla1":1,"thermal:eggplant_seeds":3,"minecraft:bone_meal":9,"chisel:basalt/raw":160,"minecraft:oak_sapling":86,"minecraft:netherrack":32,"betterendforge:guidebook":1,"minecraft:azure_bluet":5,"botania:life_essence":2,"minecraft:ladder":11,"minecraft:clay_ball":224,"thermal:cinnabar":10,"cottonly:cotton_seeds":105,"tconstruct:sword":1,"chisel:factory/rustplates":2,"rid:nickel_chunk":2,"minecraft:gold_block":26,"losttrinkets:slingshot":1,"rid:mob_soul":16,"minecraft:diamond_horse_armor":1,"gravestone:obituary":7,"minecraft:chain":6,"rid:lead_chunk":1,"losttrinkets:broken_totem":1,"thermal:iron_dust":12,"minecraft:cornflower":10,"enderstorage:ender_pouch":1,"losttrinkets:serpent_tooth":1,"minecraft:red_bed":1,"chisel:carpet/purple/llama":12,"better_diving:fins":3,"mcwroofs:oak_roof":2,"losttrinkets:wither_nail":1,"minecraft:mycelium":3,"minecraft:andesite_stairs":1,"thermal:niter":13,"tconstruct:earth_slime_sling":1,"minecraft:poppy":5,"rid:1x_compressed_sand":4,"minecraft:chest":1,"rid:copper_chunk":23,"losttrinkets:horseshoe":1,"minecraft:stone":27,"minecraft:oak_door":2,"ftbsluice:gold_mesh":1,"pipez:item_pipe":5,"better_diving:wetsuit_leggings":3,"appliedenergistics2:charged_certus_quartz_crystal":1,"rid:uranium_chunk":2,"appliedenergistics2:sky_dust":1,"farmersdelight:tomato_seeds":1,"tconstruct:sky_slime_dirt":1,"ftbsluice:iron_sluice":2,"rid:silver_chunk":3,"minecraft:trident":1,"minecraft:carrot":19,"minecraft:prismarine_crystals":56,"thermal:peanut_seeds":4,"tconstruct:sky_slime_ball":248,"minecraft:arrow":25,"chisel:marble/cracked":2,"losttrinkets:mirror_shard":1,"ftbsluice:sluice_fortune_upgrade":2,"rid:gold_chunk":4,"minecraft:saddle":4,"minecraft:gold_ingot":8,"betterendforge:jellyshroom_trapdoor":1,"tconstruct:part_chest":1,"theoneprobe:diamond_helmet_probe":1,"tconstruct:earth_slime_sapling":1,"minecraft:mutton":3,"rid:2x_compressed_sand":8,"minecraft:skeleton_skull":1,"minecraft:oxeye_daisy":12,"simplylight:edge_light":2,"losttrinkets:treasure_bag":1,"minecraft:golden_carrot":64,"minecraft:cut_sandstone":8,"better_diving:standard_o2_tank":2,"storagedrawers:upgrade_template":4,"minecraft:leather":3,"chisel:marble/weaver":4,"ftbsluice:oak_sluice":1,"minecraft:oak_log":365,"minecraft:ancient_debris":4,"minecraft:lily_pad":8,"chisel:stone_bricks/ornate":2,"losttrinkets:karma":1,"minecraft:gunpowder":7,"rid:redstone_chunk":7,"miniutilities:experience_pearl_3x":2,"trashcans:energy_trash_can":1,"ftbsluice:cloth_mesh":2,"minecraft:apple":17,"minecraft:kelp":133,"minecraft:music_disc_far":1,"thermal:tea_seeds":4,"minecraft:iron_ingot":1,"thermal:tomato_seeds":6,"chisel:factory/rust2":10,"storagedrawers:oak_full_drawers_1":2,"losttrinkets:starfish":1,"botania:cosmetic_groucho_glasses":1,"minecraft:soul_sand":1,"industrialforegoing:material_stonework_factory":1,"minecraft:oak_slab":3,"losttrinkets:creepo":1,"mysticalagriculture:iron_essence":4,"glassential:glass_dark":12,"thermal:strawberry_seeds":3,"chisel:factory/metalbox":1,"minecraft:dandelion":20,"minecraft:gravel":799,"thermal:frost_melon_seeds":3,"mekanismtools:diamond_paxel":1,"thermal:green_bean_seeds":7,"minecraft:white_bed":1,"minecraft:spruce_log":32,"simplybackpacks:rarebackpack":2,"minecraft:spider_eye":1,"minecraft:leather_helmet":1,"thermal:rice_seeds":1,"notenoughwands:capturing_wand":1,"minecraft:music_disc_mall":1,"minecraft:slime_ball":327,"immersiveengineering:seed":9,"losttrinkets:book_o_enchanting":1,"ftbjarmod:cast_iron_nugget":6,"cfm:fridge_dark":3,"losttrinkets:broken_heart_4":1,"minecraft:lodestone":11,"minecraft:warped_nylium":2,"minecraft:crimson_nylium":2,"minecraft:coal":7,"minecraft:hopper":4,"losttrinkets:broken_heart_3":1},"minecraft:broken":{"constructionwand:stone_wand":1,"minecraft:wooden_pickaxe":1,"minecraft:wooden_hoe":2}},"DataVersion":2586}